"Close","Close(-1)","Volume(-1)","return_diff_last_day"
66590.0,67090.0,1361400,-500.0
64614.0,66590.0,1172000,-1976.0
64640.0,64614.0,1141400,26.0
64168.0,64640.0,858600,-472.0
65853.0,64168.0,1128800,1685.0
63947.0,65853.0,1351400,-1906.0
64321.0,63947.0,1265000,374.0
65018.0,64321.0,1100000,697.0
63396.0,65018.0,970400,-1622.0
61106.0,63396.0,1261800,-2290.0
59273.0,61106.0,1309000,-1833.0
59365.0,59273.0,1207600,92.0
59088.0,59365.0,642000,-277.0
59536.0,59088.0,1078400,448.0
60253.0,59536.0,1235600,717.0
60148.0,60253.0,1487000,-105.0
60721.0,60148.0,1051000,573.0
61015.0,60721.0,970400,294.0
62056.0,61015.0,1473400,1041.0
60109.0,62056.0,1575600,-1947.0
59988.0,60109.0,1893000,-121.0
60772.0,59988.0,1230600,784.0
59647.0,60772.0,1230600,-1125.0
59421.0,59647.0,1203800,-226.0
57434.0,59421.0,1422000,-1987.0
57199.0,57434.0,1776800,-235.0
56869.0,57199.0,1183400,-330.0
58043.0,56869.0,887600,1174.0
59998.0,58043.0,1118200,1955.0
59505.0,59998.0,1527800,-493.0
57630.0,59505.0,1277200,-1875.0
55609.0,57630.0,999400,-2021.0
56471.0,55609.0,1148000,862.0
57542.0,56471.0,1402400,1071.0
57018.0,57542.0,1266800,-524.0
56584.0,57018.0,1116400,-434.0
54720.0,56584.0,1054200,-1864.0
54503.0,54720.0,1208600,-217.0
54573.0,54503.0,1226200,70.0
55138.0,54573.0,1922800,565.0
54244.0,55138.0,1065600,-894.0
53327.0,54244.0,945800,-917.0
53639.0,53327.0,847000,312.0
55377.0,53639.0,1006600,1738.0
55935.0,55377.0,1149400,558.0
55850.0,55935.0,1113200,-85.0
54477.0,55850.0,823400,-1373.0
54359.0,54477.0,653400,-118.0
55519.0,54359.0,836200,1160.0
56382.0,55519.0,881600,863.0
55680.0,56382.0,1062400,-702.0
55162.0,55680.0,1102400,-518.0
54404.0,55162.0,520000,-758.0
53527.0,54404.0,1163200,-877.0
51409.0,53527.0,1439800,-2118.0
51940.0,51409.0,1542200,531.0
50718.0,51940.0,1441600,-1222.0
48435.0,50718.0,1466000,-2283.0
49633.0,48435.0,1481000,1198.0
51270.0,49633.0,1904800,1637.0
52393.0,51270.0,1556200,1123.0
48416.0,52393.0,1393800,-3977.0
49229.0,48416.0,1589800,813.0
45909.0,49229.0,2046400,-3320.0
48423.0,45909.0,2322200,2514.0
53055.0,48423.0,2332600,4632.0
51541.0,53055.0,2103800,-1514.0
49593.0,51541.0,1450200,-1948.0
49843.0,49593.0,1648800,250.0
51828.0,49843.0,1203000,1985.0
50783.0,51828.0,1401400,-1045.0
46028.0,50783.0,1989400,-4755.0
49541.0,46028.0,1881800,3513.0
49799.0,49541.0,1557000,258.0
46145.0,49799.0,1498000,-3654.0
44517.0,46145.0,1684200,-1628.0
42101.0,44517.0,1577200,-2416.0
40140.0,42101.0,2075600,-1961.0
38594.0,40140.0,1969600,-1546.0
37080.0,38594.0,2832800,-1514.0
35610.0,37080.0,2180800,-1470.0
40829.0,35610.0,2444600,5219.0
41569.0,40829.0,1974000,740.0
36833.0,41569.0,2264400,-4736.0
36442.0,36833.0,2147000,-391.0
36399.0,36442.0,2284000,-43.0
39441.0,36399.0,1849400,3042.0
39043.0,39441.0,1549600,-398.0
35070.0,39043.0,1533600,-3973.0
33818.0,35070.0,1647800,-1252.0
31482.0,33818.0,1962800,-2336.0
29435.0,31482.0,2251800,-2047.0
33387.0,29435.0,1696200,3952.0
34845.0,33387.0,2342000,1458.0
37449.0,34845.0,2184800,2604.0
37257.0,37449.0,2485800,-192.0
38249.0,37257.0,2002000,992.0
40255.0,38249.0,1676800,2006.0
37786.0,40255.0,2134200,-2469.0
36362.0,37786.0,2127800,-1424.0
36665.0,36362.0,1999000,303.0
36776.0,36665.0,1764400,111.0
37262.0,36776.0,1467000,486.0
34374.0,37262.0,1536400,-2888.0
35993.0,34374.0,2413400,1619.0
35789.0,35993.0,1890000,-204.0
35717.0,35789.0,1628600,-72.0
34095.0,35717.0,1393600,-1622.0
33405.0,34095.0,1750800,-690.0
31251.0,33405.0,1567200,-2154.0
34189.0,31251.0,1894800,2938.0
34813.0,34189.0,1995600,624.0
36470.0,34813.0,1712200,1657.0
36213.0,36470.0,2075200,-257.0
36596.0,36213.0,878600,383.0
34741.0,36596.0,1547400,-1855.0
35001.0,34741.0,1458800,260.0
35297.0,35001.0,1596400,296.0
35128.0,35297.0,2237800,-169.0
35347.0,35128.0,1264800,219.0
38285.0,35347.0,1929800,2938.0
37968.0,38285.0,2422400,-317.0
39004.0,37968.0,2011600,1036.0
38519.0,39004.0,2233000,-485.0
39374.0,38519.0,1952400,855.0
38320.0,39374.0,1692800,-1054.0
39993.0,38320.0,1631600,1673.0
39947.0,39993.0,1614000,-46.0
39536.0,39947.0,2284800,-411.0
39131.0,39536.0,1696200,-405.0
37619.0,39131.0,1219200,-1512.0
36471.0,37619.0,1275600,-1148.0
36864.0,36471.0,860000,393.0
37060.0,36864.0,508600,196.0
37550.0,37060.0,984800,490.0
40244.0,37550.0,1569800,2694.0
41519.0,40244.0,1055200,1275.0
42312.0,41519.0,1909200,793.0
40820.0,42312.0,1791000,-1492.0
41991.0,40820.0,1383600,1171.0
41583.0,41991.0,1556000,-408.0
39403.0,41583.0,1573400,-2180.0
39544.0,39403.0,1554600,141.0
37982.0,39544.0,1798400,-1562.0
39151.0,37982.0,2198400,1169.0
39342.0,39151.0,2029400,191.0
38828.0,39342.0,1734200,-514.0
37272.0,38828.0,791000,-1556.0
38543.0,37272.0,1417800,1271.0
37894.0,38543.0,1672000,-649.0
38132.0,37894.0,1744600,238.0
38509.0,38132.0,1433000,377.0
38699.0,38509.0,1493800,190.0
40227.0,38699.0,1423800,1528.0
39638.0,40227.0,2132400,-589.0
39301.0,39638.0,1330400,-337.0
38666.0,39301.0,1477600,-635.0
39747.0,38666.0,1334600,1081.0
40129.0,39747.0,1545000,382.0
41109.0,40129.0,2408600,980.0
42756.0,41109.0,1932800,1647.0
42100.0,42756.0,2180000,-656.0
41207.0,42100.0,1749400,-893.0
40846.0,41207.0,2280000,-361.0
40501.0,40846.0,1673400,-345.0
41674.0,40501.0,1782200,1173.0
41841.0,41674.0,1445400,167.0
39847.0,41841.0,1088600,-1994.0
39674.0,39847.0,1729800,-173.0
39730.0,39674.0,1654400,56.0
38715.0,39730.0,1162600,-1015.0
38232.0,38715.0,1711600,-483.0
38180.0,38232.0,1216400,-52.0
38183.0,38180.0,1520800,3.0
36235.0,38183.0,1654000,-1948.0
36468.0,36235.0,1728000,233.0
38402.0,36468.0,1731400,1934.0
37369.0,38402.0,1796200,-1033.0
37105.0,37369.0,1354600,-264.0
36741.0,37105.0,1481200,-364.0
38795.0,36741.0,1067400,2054.0
38805.0,38795.0,1788200,10.0
39152.0,38805.0,1401200,347.0
39015.0,39152.0,1631800,-137.0
38607.0,39015.0,1595200,-408.0
39511.0,38607.0,1526800,904.0
40142.0,39511.0,1456800,631.0
40453.0,40142.0,1731800,311.0
40076.0,40453.0,1902800,-377.0
42439.0,40076.0,1394200,2363.0
41476.0,42439.0,1883400,-963.0
41799.0,41476.0,1826200,323.0
42589.0,41799.0,1956400,790.0
41907.0,42589.0,1640400,-682.0
40653.0,41907.0,1342000,-1254.0
40926.0,40653.0,1508600,273.0
41976.0,40926.0,1591200,1050.0
43736.0,41976.0,1671600,1760.0
44391.0,43736.0,2363600,655.0
44167.0,44391.0,1882800,-224.0
43825.0,44167.0,1466200,-342.0
44182.0,43825.0,1707600,357.0
45539.0,44182.0,1782400,1357.0
45992.0,45539.0,1923800,453.0
45418.0,45992.0,1552600,-574.0
45273.0,45418.0,2127600,-145.0
46025.0,45273.0,1758000,752.0
45778.0,46025.0,1770800,-247.0
44433.0,45778.0,1465600,-1345.0
44888.0,44433.0,1272800,455.0
45801.0,44888.0,1364400,913.0
46772.0,45801.0,1243600,971.0
45820.0,46772.0,1528400,-952.0
45821.0,45820.0,1687400,1.0
47227.0,45821.0,1792400,1406.0
47290.0,47227.0,2053400,63.0
50405.0,47290.0,2136000,3115.0
50670.0,50405.0,2502000,265.0
51499.0,50670.0,1945400,829.0
50058.0,51499.0,2468600,-1441.0
51396.0,50058.0,2030200,1338.0
50976.0,51396.0,1692800,-420.0
50326.0,50976.0,1285600,-650.0
48679.0,50326.0,1852000,-1647.0
49446.0,48679.0,1712200,767.0
49007.0,49446.0,1416200,-439.0
51463.0,49007.0,1508800,2456.0
51347.0,51463.0,1731600,-116.0
51245.0,51347.0,2003200,-102.0
50087.0,51245.0,2062000,-1158.0
50568.0,50087.0,1681000,481.0
50816.0,50568.0,1308800,248.0
51841.0,50816.0,491000,1025.0
51792.0,51841.0,1456600,-49.0
53041.0,51792.0,1731400,1249.0
53198.0,53041.0,1518800,157.0
54486.0,53198.0,2841400,1288.0
54000.0,54486.0,1803000,-486.0
52087.0,54000.0,1919000,-1913.0
53464.0,52087.0,2037400,1377.0
53341.0,53464.0,1398400,-123.0
53630.0,53341.0,1442200,289.0
53157.0,53630.0,1184800,-473.0
53411.0,53157.0,1228400,254.0
53558.0,53411.0,1437800,147.0
52034.0,53558.0,1421800,-1524.0
51206.0,52034.0,1662800,-828.0
51046.0,51206.0,1328600,-160.0
50903.0,51046.0,1638000,-143.0
51374.0,50903.0,1165000,471.0
49495.0,51374.0,1225000,-1879.0
49814.0,49495.0,1602000,319.0
49672.0,49814.0,1395200,-142.0
51515.0,49672.0,1370200,1843.0
51486.0,51515.0,1591600,-29.0
52138.0,51486.0,1220400,652.0
51465.0,52138.0,1052800,-673.0
51544.0,51465.0,1321200,79.0
51025.0,51544.0,1371200,-519.0
50935.0,51025.0,1006400,-90.0
50622.0,50935.0,487800,-313.0
49457.0,50622.0,1377800,-1165.0
49178.0,49457.0,1637400,-279.0
49221.0,49178.0,1545600,43.0
49187.0,49221.0,1038800,-34.0
48873.0,49187.0,1331400,-314.0
51297.0,48873.0,1431200,2424.0
51918.0,51297.0,1885000,621.0
52072.0,51918.0,1547400,154.0
53155.0,52072.0,1232200,1083.0
53234.0,53155.0,1498200,79.0
53073.0,53234.0,1396200,-161.0
54249.0,53073.0,1360000,1176.0
54457.0,54249.0,2061200,208.0
54549.0,54457.0,1131800,92.0
54472.0,54549.0,1108600,-77.0
53735.0,54472.0,1304800,-737.0
54478.0,53735.0,1231600,743.0
54766.0,54478.0,1248200,288.0
55998.0,54766.0,1225200,1232.0
56038.0,55998.0,1256400,40.0
56384.0,56038.0,1512800,346.0
55755.0,56384.0,1241000,-629.0
56330.0,55755.0,1333400,575.0
56830.0,56330.0,1259200,500.0
55761.0,56830.0,1191200,-1069.0
56588.0,55761.0,1406600,827.0
57048.0,56588.0,1659800,460.0
56638.0,57048.0,1511400,-410.0
55218.0,56638.0,1496800,-1420.0
55749.0,55218.0,1402000,531.0
56156.0,55749.0,1129400,407.0
56831.0,56156.0,1279200,675.0
57729.0,56831.0,1070200,898.0
57775.0,57729.0,1240400,46.0
57421.0,57775.0,1428000,-354.0
57766.0,57421.0,1251200,345.0
57704.0,57766.0,1237600,-62.0
57701.0,57704.0,1345200,-3.0
56489.0,57701.0,1176200,-1212.0
55815.0,56489.0,1504200,-674.0
55386.0,55815.0,1443600,-429.0
55707.0,55386.0,1644400,321.0
56652.0,55707.0,1272200,945.0
56652.0,56652.0,1198000,0.0
57855.0,56652.0,0,1203.0
57910.0,57855.0,1375000,55.0
58536.0,57910.0,1357800,626.0
58366.0,58536.0,1401400,-170.0
58868.0,58366.0,1119800,502.0
59264.0,58868.0,990600,396.0
60411.0,59264.0,1128800,1147.0
60236.0,60411.0,1810800,-175.0
60703.0,60236.0,1594200,467.0
60928.0,60703.0,1290400,225.0
61493.0,60928.0,1358600,565.0
60496.0,61493.0,1587200,-997.0
60046.0,60496.0,1521000,-450.0
60356.0,60046.0,1312000,310.0
61317.0,60356.0,989800,961.0
61235.0,61317.0,955800,-82.0
61518.0,61235.0,1175400,283.0
60459.0,61518.0,1544800,-1059.0
61172.0,60459.0,1401200,713.0
62369.0,61172.0,1736000,1197.0
62671.0,62369.0,1335400,302.0
62638.0,62671.0,1665600,-33.0
63760.0,62638.0,1413600,1122.0
64071.0,63760.0,1766000,311.0
64646.0,64071.0,1153000,575.0
66201.0,64646.0,1190600,1555.0
66703.0,66201.0,2096400,502.0
66200.0,66703.0,1328400,-503.0
67239.0,66200.0,1484600,1039.0
65303.0,67239.0,1402200,-1936.0
65486.0,65303.0,2649200,183.0
66135.0,65486.0,1792600,649.0
65059.0,66135.0,1273200,-1076.0
65086.0,65059.0,1393800,27.0
63161.0,65086.0,1380400,-1925.0
60162.0,63161.0,1499200,-2999.0
63721.0,60162.0,2238800,3559.0
61546.0,63721.0,1747800,-2175.0
62643.0,61546.0,1996200,1097.0
63913.0,62643.0,1902600,1270.0
64816.0,63913.0,1891200,903.0
64466.0,64816.0,1575600,-350.0
66214.0,64466.0,1659000,1748.0
66303.0,66214.0,1599800,89.0
66431.0,66303.0,1652000,128.0
64448.0,66431.0,1807800,-1983.0
65326.0,64448.0,1914400,878.0
66627.0,65326.0,1859000,1301.0
67406.0,66627.0,1757800,779.0
66516.0,67406.0,1733800,-890.0
66327.0,66516.0,1592000,-189.0
66809.0,66327.0,1467000,482.0
67317.0,66809.0,1582600,508.0
67917.0,67317.0,1348000,600.0
66392.0,67917.0,1385400,-1525.0
67082.0,66392.0,825600,690.0
67044.0,67082.0,1172000,-38.0
68546.0,67044.0,2224800,1502.0
68615.0,68546.0,2326400,69.0
68315.0,68615.0,1362000,-300.0
67604.0,68315.0,1223400,-711.0
68512.0,67604.0,1410600,908.0
67729.0,68512.0,1186200,-783.0
68012.0,67729.0,1550000,283.0
68728.0,68012.0,1141400,716.0
69267.0,68728.0,1473200,539.0
69349.0,69267.0,1489600,82.0
69311.0,69349.0,1294000,-38.0
68622.0,69311.0,1284200,-689.0
67068.0,68622.0,1710000,-1554.0
66794.0,67068.0,1339400,-274.0
65925.0,66794.0,1075200,-869.0
67418.0,65925.0,1406000,1493.0
67589.0,67418.0,1272600,171.0
67902.0,67589.0,904400,313.0
68296.0,67902.0,556400,394.0
68588.0,68296.0,669200,292.0
70045.0,68588.0,1182200,1457.0
70240.0,70045.0,1655400,195.0
70729.0,70240.0,1984200,489.0
70451.0,70729.0,2243600,-278.0
70263.0,70451.0,1555000,-188.0
70433.0,70263.0,1634400,170.0
70076.0,70433.0,1569000,-357.0
70385.0,70076.0,1628600,309.0
69801.0,70385.0,1818800,-584.0
68978.0,69801.0,1830200,-823.0
69401.0,68978.0,1648400,423.0
69909.0,69401.0,1139000,508.0
68200.0,69909.0,1323400,-1709.0
66270.0,68200.0,1990600,-1930.0
66220.0,66270.0,2263800,-50.0
65524.0,66220.0,1305000,-696.0
65070.0,65524.0,1990400,-454.0
65588.0,65070.0,1813600,518.0
65402.0,65588.0,1649400,-186.0
66572.0,65402.0,1823200,1170.0
67163.0,66572.0,1494400,591.0
67109.0,67163.0,1587800,-54.0
63934.0,67109.0,1765000,-3175.0
62763.0,63934.0,2262400,-1171.0
63153.0,62763.0,3053000,390.0
64718.0,63153.0,1875600,1565.0
65051.0,64718.0,1357400,333.0
66129.0,65051.0,891000,1078.0
65855.0,66129.0,1259000,-274.0
67285.0,65855.0,873200,1430.0
67836.0,67285.0,0,551.0
67597.0,67836.0,1286600,-239.0
67184.0,67597.0,1248000,-413.0
66108.0,67184.0,1401600,-1076.0
65795.0,66108.0,1644800,-313.0
66121.0,65795.0,1573000,326.0
66503.0,66121.0,1792200,382.0
67228.0,66503.0,1731400,725.0
67779.0,67228.0,1363000,551.0
67641.0,67779.0,1708600,-138.0
67815.0,67641.0,2113800,174.0
68847.0,67815.0,1398600,1032.0
68575.0,68847.0,1950600,-272.0
69576.0,68575.0,1428200,1001.0
69979.0,69576.0,2464200,403.0
69885.0,69979.0,1909200,-94.0
69341.0,69885.0,1627200,-544.0
69024.0,69341.0,1569000,-317.0
69942.0,69024.0,1453000,918.0
69723.0,69942.0,1302400,-219.0
69697.0,69723.0,1372000,-26.0
68829.0,69697.0,1656200,-868.0
69042.0,68829.0,1957400,213.0
69387.0,69042.0,1395200,345.0
68913.0,69387.0,1606600,-474.0
68442.0,68913.0,1597400,-471.0
68683.0,68442.0,1478400,241.0
69939.0,68683.0,1771400,1256.0
69960.0,69939.0,1528000,21.0
70372.0,69960.0,1490000,412.0
71136.0,70372.0,1676800,764.0
71290.0,71136.0,1552800,154.0
71096.0,71290.0,1316000,-194.0
70793.0,71096.0,1697000,-303.0
71785.0,70793.0,1720400,992.0
71417.0,71785.0,1701800,-368.0
70614.0,71417.0,1680000,-803.0
70792.0,70614.0,1471600,178.0
71035.0,70792.0,1634200,243.0
70524.0,71035.0,1758800,-511.0
69421.0,70524.0,2264600,-1103.0
69098.0,69421.0,2043800,-323.0
69318.0,69098.0,1722000,220.0
69386.0,69318.0,1750200,68.0
69509.0,69386.0,1787200,123.0
68872.0,69509.0,1366800,-637.0
66511.0,68872.0,1179400,-2361.0
66656.0,66511.0,2062200,145.0
67978.0,66656.0,1855600,1322.0
67530.0,67978.0,1609400,-448.0
67119.0,67530.0,2120200,-411.0
64869.0,67119.0,1776000,-2250.0
64914.0,64869.0,2820000,45.0
63414.0,64914.0,2681200,-1500.0
62871.0,63414.0,3207600,-543.0
65453.0,62871.0,2903400,2582.0
64425.0,65453.0,2377400,-1028.0
65224.0,64425.0,2401600,799.0
64788.0,65224.0,1981400,-436.0
63412.0,64788.0,1798200,-1376.0
62866.0,63412.0,2220800,-546.0
60841.0,62866.0,2746000,-2025.0
59689.0,60841.0,2787000,-1152.0
58192.0,59689.0,3203000,-1497.0
60259.0,58192.0,3369200,2067.0
59915.0,60259.0,2558200,-344.0
59184.0,59915.0,1792600,-731.0
60190.0,59184.0,2477800,1006.0
62092.0,60190.0,3638600,1902.0
61947.0,62092.0,2388000,-145.0
63047.0,61947.0,2081600,1100.0
61841.0,63047.0,1197600,-1206.0
62943.0,61841.0,2253800,1102.0
61676.0,62943.0,1878400,-1267.0
61183.0,61676.0,1691000,-493.0
61856.0,61183.0,1627000,673.0
61479.0,61856.0,1605200,-377.0
63049.0,61479.0,1736400,1570.0
63605.0,63049.0,1717000,556.0
63533.0,63605.0,1345800,-72.0
64442.0,63533.0,1793600,909.0
64751.0,64442.0,1267200,309.0
64541.0,64751.0,2441000,-210.0
64438.0,64541.0,1888800,-103.0
64829.0,64438.0,1871800,391.0
64811.0,64829.0,1623000,-18.0
65160.0,64811.0,1931800,349.0
63937.0,65160.0,1762200,-1223.0
64824.0,63937.0,1786400,887.0
64225.0,64824.0,1257200,-599.0
61978.0,64225.0,943200,-2247.0
60936.0,61978.0,2196000,-1042.0
61236.0,60936.0,1958400,300.0
61430.0,61236.0,2130000,194.0
60865.0,61430.0,1143800,-565.0
62065.0,60865.0,760000,1200.0
63284.0,62065.0,1786600,1219.0
63476.0,63284.0,1732200,192.0
62960.0,63476.0,1658000,-516.0
63686.0,62960.0,1229000,726.0
63479.0,63686.0,1583800,-207.0
63489.0,63479.0,1450400,10.0
62339.0,63489.0,1564800,-1150.0
63297.0,62339.0,1326400,958.0
64463.0,63297.0,1276400,1166.0
64477.0,64463.0,2429400,14.0
65748.0,64477.0,1821800,1271.0
66323.0,65748.0,2320600,575.0
66443.0,66323.0,1540000,120.0
66674.0,66443.0,1234400,231.0
66808.0,66674.0,1601800,134.0
66954.0,66808.0,1939400,146.0
67515.0,66954.0,2160200,561.0
68517.0,67515.0,2088400,1002.0
67997.0,68517.0,1766600,-520.0
68272.0,67997.0,1900000,275.0
68412.0,68272.0,1875200,140.0
68095.0,68412.0,1611600,-317.0
67862.0,68095.0,1513200,-233.0
67223.0,67862.0,1254800,-639.0
65790.0,67223.0,1625400,-1433.0
65966.0,65790.0,1732800,176.0
66264.0,65966.0,1546600,298.0
66702.0,66264.0,1841200,438.0
67584.0,66702.0,1394800,882.0
67638.0,67584.0,1747000,54.0
66887.0,67638.0,2367000,-751.0
66677.0,66887.0,1920000,-210.0
65982.0,66677.0,1414600,-695.0
65156.0,65982.0,1379600,-826.0
64803.0,65156.0,1604200,-353.0
63867.0,64803.0,1753000,-936.0
65585.0,63867.0,1773400,1718.0
64261.0,65585.0,1764000,-1324.0
65145.0,64261.0,1286400,884.0
67073.0,65145.0,3284800,1928.0
66808.0,67073.0,2509000,-265.0
66679.0,66808.0,1601200,-129.0
66747.0,66679.0,2019200,68.0
66407.0,66747.0,651400,-340.0
66624.0,66407.0,1716000,217.0
66807.0,66624.0,1438800,183.0
68031.0,66807.0,1561000,1224.0
67692.0,68031.0,2144400,-339.0
68107.0,67692.0,2594000,415.0
67663.0,68107.0,2234200,-444.0
67089.0,67663.0,1464400,-574.0
68190.0,67089.0,1629400,1101.0
67719.0,68190.0,1775200,-471.0
68325.0,67719.0,1734000,606.0
68794.0,68325.0,2495200,469.0
68196.0,68794.0,3305200,-598.0
68816.0,68196.0,3441000,620.0
69228.0,68816.0,2138600,412.0
69228.0,69228.0,1851800,0.0
69430.0,69228.0,3067200,202.0
70229.0,69430.0,2466200,799.0
70385.0,70229.0,2452600,156.0
71283.0,70385.0,1876800,898.0
70541.0,71283.0,2713000,-742.0
69918.0,70541.0,2780600,-623.0
70809.0,69918.0,2587200,891.0
70946.0,70809.0,2136000,137.0
71675.0,70946.0,1169000,729.0
71692.0,71675.0,2985000,17.0
71830.0,71692.0,2633000,138.0
71736.0,71830.0,2015200,-94.0
69864.0,71736.0,2111600,-1872.0
70405.0,69864.0,2495200,541.0
69652.0,70405.0,2407200,-753.0
69530.0,69652.0,2587800,-122.0
69580.0,69530.0,2421600,50.0
70740.0,69580.0,3836000,1160.0
70569.0,70740.0,2576800,-171.0
70320.0,70569.0,2202600,-249.0
70673.0,70320.0,2230200,353.0
71561.0,70673.0,2208800,888.0
71905.0,71561.0,1555000,344.0
72996.0,71905.0,2145800,1091.0
72607.0,72996.0,2175800,-389.0
72657.0,72607.0,1732000,50.0
71679.0,72657.0,1077600,-978.0
71638.0,71679.0,1505000,-41.0
71195.0,71638.0,0,-443.0
70367.0,71195.0,1353200,-828.0
69192.0,70367.0,1188600,-1175.0
69709.0,69192.0,2240800,517.0
70781.0,69709.0,0,1072.0
70898.0,70781.0,1881600,117.0
69633.0,70898.0,1506400,-1265.0
67953.0,69633.0,1739200,-1680.0
69629.0,67953.0,2080600,1676.0
69362.0,69629.0,1990600,-267.0
68226.0,69362.0,981600,-1136.0
67908.0,68226.0,1564800,-318.0
67705.0,67908.0,1777800,-203.0
69346.0,67705.0,2159200,1641.0
69527.0,69346.0,0,181.0
69766.0,69527.0,2111800,239.0
69552.0,69766.0,2828000,-214.0
69338.0,69552.0,0,-214.0
68175.0,69338.0,0,-1163.0
67879.0,68175.0,2671600,-296.0
68342.0,67879.0,2447200,463.0
69126.0,68342.0,0,784.0
68743.0,69126.0,0,-383.0
67870.0,68743.0,0,-873.0
67306.0,67870.0,2962400,-564.0
67981.0,67306.0,2401400,675.0
67264.0,67981.0,0,-717.0
68215.0,67264.0,2352800,951.0
68471.0,68215.0,1897400,256.0
68486.0,68471.0,1656800,15.0
67803.0,68486.0,1229400,-683.0
68041.0,67803.0,1035400,238.0
68952.0,68041.0,0,911.0
69305.0,68952.0,1307800,353.0
69962.0,69305.0,2102200,657.0
70318.0,69962.0,1862400,356.0
71091.0,70318.0,2427200,773.0
70579.0,71091.0,2309200,-512.0
70057.0,70579.0,2546000,-522.0
70127.0,70057.0,1761000,70.0
70423.0,70127.0,1610800,296.0
71633.0,70423.0,2138000,1210.0
70721.0,71633.0,2516000,-912.0
70940.0,70721.0,2237800,219.0
70609.0,70940.0,1806600,-331.0
70920.0,70609.0,1538600,311.0
70058.0,70920.0,1877400,-862.0
69562.0,70058.0,1884800,-496.0
69133.0,69562.0,2169600,-429.0
69427.0,69133.0,2071800,294.0
68709.0,69427.0,1474400,-718.0
68051.0,68709.0,2542400,-658.0
66698.0,68051.0,2304400,-1353.0
66575.0,66698.0,2544000,-123.0
67847.0,66575.0,2253800,1272.0
66688.0,67847.0,2114000,-1159.0
66765.0,66688.0,2551400,77.0
65269.0,66765.0,2380800,-1496.0
65362.0,65269.0,2676800,93.0
65771.0,65362.0,1980400,409.0
64218.0,65771.0,2764000,-1553.0
64578.0,64218.0,2811400,360.0
65756.0,64578.0,2356400,1178.0
66558.0,65756.0,2396400,802.0
66341.0,66558.0,1945000,-217.0
67571.0,66341.0,2355400,1230.0
67685.0,67571.0,2672400,114.0
68067.0,67685.0,2147800,382.0
67259.0,68067.0,1944000,-808.0
66440.0,67259.0,1453000,-819.0
66910.0,66440.0,3045400,470.0
66949.0,66910.0,3335000,39.0
66903.0,66949.0,2699200,-46.0
67383.0,66903.0,2394600,480.0
66243.0,67383.0,2640400,-1140.0
67282.0,66243.0,2166400,1039.0
68146.0,67282.0,2518600,864.0
68012.0,68146.0,2254600,-134.0
67264.0,68012.0,1840000,-748.0
66041.0,67264.0,1407600,-1223.0
66685.0,66041.0,2375000,644.0
67169.0,66685.0,2491000,484.0
67005.0,67169.0,1874200,-164.0
66003.0,67005.0,2852200,-1002.0
66216.0,66003.0,3056800,213.0
66880.0,66216.0,1985000,664.0
66690.0,66880.0,2842800,-190.0
67578.0,66690.0,2557400,888.0
67796.0,67578.0,2357800,218.0
67533.0,67796.0,2145600,-263.0
67766.0,67533.0,1819800,233.0
67193.0,67766.0,2223800,-573.0
67419.0,67193.0,1444400,226.0
67997.0,67419.0,1768200,578.0
68587.0,67997.0,1859800,590.0
69268.0,68587.0,2124400,681.0
69704.0,69268.0,2397400,436.0
69838.0,69704.0,1200,134.0
69037.0,69838.0,0,-801.0
69176.0,69037.0,0,139.0
68718.0,69176.0,0,-458.0
68164.0,68718.0,2111400,-554.0
66896.0,68164.0,2173800,-1268.0
66486.0,66896.0,2525800,-410.0
66279.0,66486.0,2515200,-207.0
66684.0,66279.0,2259000,405.0
65415.0,66684.0,2145800,-1269.0
66158.0,65415.0,3060400,743.0
67058.0,66158.0,2214400,900.0
66972.0,67058.0,2397400,-86.0
67144.0,66972.0,1385800,172.0
66264.0,67144.0,1726600,-880.0
65673.0,66264.0,2151200,-591.0
66133.0,65673.0,3090000,460.0
65463.0,66133.0,2645000,-670.0
64318.0,65463.0,2306800,-1145.0
63616.0,64318.0,2235400,-702.0
63407.0,63616.0,2490000,-209.0
64417.0,63407.0,2806000,1010.0
64622.0,64417.0,2690000,205.0
64877.0,64622.0,1880800,255.0
63776.0,64877.0,1982600,-1101.0
64003.0,63776.0,2458400,227.0
63235.0,64003.0,2486800,-768.0
62830.0,63235.0,2667400,-405.0
63673.0,62830.0,2459600,843.0
62841.0,63673.0,2210800,-832.0
62367.0,62841.0,2488000,-474.0
62597.0,62367.0,2291200,230.0
62345.0,62597.0,2087000,-252.0
63337.0,62345.0,1767600,992.0
63388.0,63337.0,2006400,51.0
64099.0,63388.0,1918600,711.0
64295.0,64099.0,2397000,196.0
63954.0,64295.0,1672000,-341.0
64620.0,63954.0,629000,666.0
63411.0,64620.0,2428400,-1209.0
64218.0,63411.0,2158200,807.0
64341.0,64218.0,2135600,123.0
63068.0,64341.0,2155800,-1273.0
63218.0,63068.0,1822400,150.0
63033.0,63218.0,2089600,-185.0
63469.0,63033.0,1805800,436.0
62697.0,63469.0,1946800,-772.0
62023.0,62697.0,1688200,-674.0
62205.0,62023.0,1397200,182.0
61604.0,62205.0,1762400,-601.0
60881.0,61604.0,2668000,-723.0
61060.0,60881.0,1991000,179.0
61168.0,61060.0,1974600,108.0
61424.0,61168.0,2019800,256.0
61194.0,61424.0,1696600,-230.0
61017.0,61194.0,1863400,-177.0
61217.0,61017.0,1449000,200.0
62303.0,61217.0,1634000,1086.0
62334.0,62303.0,1796400,31.0
62404.0,62334.0,1873400,70.0
63394.0,62404.0,1814000,990.0
63891.0,63394.0,2376200,497.0
63039.0,63891.0,1000400,-852.0
62565.0,63039.0,1937800,-474.0
62207.0,62565.0,1612600,-358.0
61513.0,62207.0,1865000,-694.0
60224.0,61513.0,1670600,-1289.0
59705.0,60224.0,1773200,-519.0
60670.0,59705.0,1946200,965.0
59679.0,60670.0,2284200,-991.0
59478.0,59679.0,2363400,-201.0
58838.0,59478.0,1960200,-640.0
59082.0,58838.0,1956400,244.0
59120.0,59082.0,1888000,38.0
60263.0,59120.0,1946000,1143.0
60270.0,60263.0,2159600,7.0
59971.0,60270.0,1809600,-299.0
59340.0,59971.0,1772400,-631.0
58288.0,59340.0,2174800,-1052.0
58708.0,58288.0,2619000,420.0
58823.0,58708.0,2234000,115.0
58536.0,58823.0,2366400,-287.0
57311.0,58536.0,2109400,-1225.0
56017.0,57311.0,2696200,-1294.0
52811.0,56017.0,3491800,-3206.0
52949.0,52811.0,4455400,138.0
48668.0,52949.0,4320600,-4281.0
51151.0,48668.0,4894600,2483.0
51395.0,51151.0,5268200,244.0
53343.0,51395.0,4358800,1948.0
53473.0,53343.0,4066000,130.0
54652.0,53473.0,3269800,1179.0
54324.0,54652.0,2540600,-328.0
55073.0,54324.0,2464600,749.0
53134.0,55073.0,3160600,-1939.0
52448.0,53134.0,3120400,-686.0
52440.0,52448.0,2577200,-8.0
53787.0,52440.0,2140800,1347.0
53796.0,53787.0,2679000,9.0
52953.0,53796.0,2492200,-843.0
53351.0,52953.0,2381200,398.0
54861.0,53351.0,2223000,1510.0
55385.0,54861.0,2293800,524.0
56495.0,55385.0,2343400,1110.0
58118.0,56495.0,2940000,1623.0
56532.0,58118.0,4013600,-1586.0
54998.0,56532.0,3147400,-1534.0
56607.0,54998.0,1609000,1609.0
57624.0,56607.0,2846800,1017.0
55778.0,57624.0,2757000,-1846.0
55685.0,55778.0,2481800,-93.0
55544.0,55685.0,2376200,-141.0
56286.0,55544.0,2099400,742.0
56381.0,56286.0,2836200,95.0
57210.0,56381.0,2136800,829.0
57103.0,57210.0,1970000,-107.0
56379.0,57103.0,2328200,-724.0
55982.0,56379.0,2677000,-397.0
53280.0,55982.0,2777000,-2702.0
53230.0,53280.0,3603600,-50.0
53748.0,53230.0,2689200,518.0
53920.0,53748.0,2143200,172.0
53270.0,53920.0,2454200,-650.0
53385.0,53270.0,2340800,115.0
52324.0,53385.0,2304800,-1061.0
50792.0,52324.0,3072600,-1532.0
50686.0,50792.0,3112400,-106.0
51014.0,50686.0,4038800,328.0
52290.0,51014.0,2830400,1276.0
51244.0,52290.0,3145600,-1046.0
53273.0,51244.0,2627200,2029.0
53838.0,53273.0,2180600,565.0
54601.0,53838.0,2845400,763.0
55030.0,54601.0,3574200,429.0
53911.0,55030.0,2323200,-1119.0
55032.0,53911.0,2366200,1121.0
54966.0,55032.0,2540000,-66.0
54010.0,54966.0,2430800,-956.0
55255.0,54010.0,2282800,1245.0
56892.0,55255.0,2151200,1637.0
56286.0,56892.0,2656000,-606.0
57144.0,56286.0,2262800,858.0
59270.0,57144.0,2172400,2126.0
59513.0,59270.0,3665800,243.0
58338.0,59513.0,2388000,-1175.0
57323.0,58338.0,2258000,-1015.0
58196.0,57323.0,2827600,873.0
58670.0,58196.0,2445800,474.0
59199.0,58670.0,1946600,529.0
59026.0,59199.0,1869400,-173.0
57550.0,59026.0,1934000,-1476.0
57322.0,57550.0,2623000,-228.0
58547.0,57322.0,1959000,1225.0
58258.0,58547.0,2136400,-289.0
58560.0,58258.0,1791000,302.0
56989.0,58560.0,2703800,-1571.0
56731.0,56989.0,3054600,-258.0
56285.0,56731.0,2297200,-446.0
55878.0,56285.0,2894800,-407.0
54972.0,55878.0,2681600,-906.0
55280.0,54972.0,2429400,308.0
54894.0,55280.0,1410200,-386.0
56017.0,54894.0,1815000,1123.0
55300.0,56017.0,2271000,-717.0
56875.0,55300.0,2822000,1575.0
58143.0,56875.0,4893000,1268.0
57886.0,58143.0,3297000,-257.0
58910.0,57886.0,2985600,1024.0
59536.0,58910.0,2535200,626.0
58663.0,59536.0,2178000,-873.0
57455.0,58663.0,2171800,-1208.0
58236.0,57455.0,2720800,781.0
57347.0,58236.0,1946400,-889.0
57495.0,57347.0,2502200,148.0
56647.0,57495.0,2901200,-848.0
56331.0,56647.0,4140400,-316.0
56097.0,56331.0,2605800,-234.0
55298.0,56097.0,2440000,-799.0
56865.0,55298.0,2833400,1567.0
56653.0,56865.0,3233000,-212.0
57348.0,56653.0,2264400,695.0
57701.0,57348.0,2289000,353.0
57669.0,57701.0,1767200,-32.0
58005.0,57669.0,0,336.0
56534.0,58005.0,1616600,-1471.0
56754.0,56534.0,1612000,220.0
57829.0,56754.0,2779200,1075.0
59265.0,57829.0,2614600,1436.0
59365.0,59265.0,3083000,100.0
58546.0,59365.0,2252000,-819.0
58600.0,58546.0,2351200,54.0
59083.0,58600.0,1659200,483.0
59806.0,59083.0,2244600,723.0
59962.0,59806.0,2689200,156.0
59921.0,59962.0,2245200,-41.0
59147.0,59921.0,2145600,-774.0
59956.0,59147.0,5624200,809.0
60646.0,59956.0,1705000,690.0
61723.0,60646.0,2524200,1077.0
61927.0,61723.0,2757800,204.0
62312.0,61927.0,2843400,385.0
62386.0,62312.0,2246400,74.0
62486.0,62386.0,2376000,100.0
62953.0,62486.0,2731000,467.0
62904.0,62953.0,3174000,-49.0
62770.0,62904.0,2218200,-134.0
63072.0,62770.0,2197600,302.0
64567.0,63072.0,3437800,1495.0
64593.0,64567.0,3904000,26.0
65217.0,64593.0,3107600,624.0
65224.0,65217.0,3059800,7.0
65917.0,65224.0,1919600,693.0
65831.0,65917.0,2722000,-86.0
65530.0,65831.0,2887000,-301.0
63998.0,65530.0,2688400,-1532.0
65692.0,63998.0,3501400,1694.0
65039.0,65692.0,2619200,-653.0
65368.0,65039.0,2738200,329.0
66142.0,65368.0,3825400,774.0
66204.0,66142.0,3068400,62.0
66093.0,66204.0,2352600,-111.0
65820.0,66093.0,1791400,-273.0
65943.0,65820.0,2322800,123.0
65241.0,65943.0,2119800,-702.0
65959.0,65241.0,2226000,718.0
65812.0,65959.0,2717000,-147.0
66810.0,65812.0,3345400,998.0
67782.0,66810.0,2328800,972.0
66964.0,67782.0,2557000,-818.0
65114.0,66964.0,2315800,-1850.0
66017.0,65114.0,2742600,903.0
66908.0,66017.0,2683400,891.0
66704.0,66908.0,2890800,-204.0
66385.0,66704.0,2253600,-319.0
68394.0,66385.0,2149800,2009.0
68257.0,68394.0,3165200,-137.0
67749.0,68257.0,2732800,-508.0
67684.0,67749.0,2295200,-65.0
67730.0,67684.0,2408600,46.0
67296.0,67730.0,2143600,-434.0
66860.0,67296.0,2071400,-436.0
65828.0,66860.0,1981000,-1032.0
65813.0,65828.0,2676200,-15.0
66685.0,65813.0,2524800,872.0
66037.0,66685.0,2010800,-648.0
65079.0,66037.0,2723000,-958.0
64872.0,65079.0,2883000,-207.0
64511.0,64872.0,2895600,-361.0
65216.0,64511.0,3155800,705.0
64284.0,65216.0,2966600,-932.0
63529.0,64284.0,2773600,-755.0
63691.0,63529.0,2739600,162.0
62923.0,63691.0,2294800,-768.0
61738.0,62923.0,1788200,-1185.0
61293.0,61738.0,3094000,-445.0
63058.0,61293.0,2952600,1765.0
62106.0,63058.0,3115800,-952.0
61955.0,62106.0,2959600,-151.0
62699.0,61955.0,2316600,744.0
63010.0,62699.0,2704600,311.0
62618.0,63010.0,4053800,-392.0
62494.0,62618.0,2358200,-124.0
61539.0,62494.0,2285200,-955.0
61971.0,61539.0,2533400,432.0
61750.0,61971.0,2377000,-221.0
62198.0,61750.0,3307200,448.0
61691.0,62198.0,3130000,-507.0
61820.0,61691.0,2547600,129.0
62424.0,61820.0,1963200,604.0
62104.0,62424.0,2955600,-320.0
60821.0,62104.0,3036000,-1283.0
61220.0,60821.0,4961600,399.0
60365.0,61220.0,3370400,-855.0
59786.0,60365.0,3091200,-579.0
59702.0,59786.0,3261600,-84.0
59445.0,59702.0,2701400,-257.0
57540.0,59445.0,2532400,-1905.0
56238.0,57540.0,3047400,-1302.0
55888.0,56238.0,4189200,-350.0
54038.0,55888.0,4327600,-1850.0
54513.0,54038.0,3709800,475.0
56590.0,54513.0,4306200,2077.0
55039.0,56590.0,3569000,-1551.0
54619.0,55039.0,3667400,-420.0
54063.0,54619.0,4334000,-556.0
54463.0,54063.0,4013800,400.0
55213.0,54463.0,2988400,750.0
54633.0,55213.0,1857200,-580.0
53798.0,54633.0,3048000,-835.0
54490.0,53798.0,3298400,692.0
53403.0,54490.0,4826000,-1087.0
53417.0,53403.0,2986400,14.0
52481.0,53417.0,2360000,-936.0
54156.0,52481.0,2530000,1675.0
54430.0,54156.0,3542000,274.0
54001.0,54430.0,2627600,-429.0
55049.0,54001.0,2736600,1048.0
55651.0,55049.0,3894600,602.0
55352.0,55651.0,4187800,-299.0
56105.0,55352.0,3299200,753.0
56195.0,56105.0,3900800,90.0
57195.0,56195.0,2960600,1000.0
57167.0,57195.0,3658800,-28.0
55505.0,57167.0,3202000,-1662.0
55440.0,55505.0,2601800,-65.0
53805.0,55440.0,2476800,-1635.0
53837.0,53805.0,2160000,32.0
53109.0,53837.0,2707000,-728.0
52652.0,53109.0,3825800,-457.0
54355.0,52652.0,3531600,1703.0
54693.0,54355.0,3744800,338.0
55780.0,54693.0,2874200,1087.0
56077.0,55780.0,4064400,297.0
56379.0,56077.0,1718400,302.0
55394.0,56379.0,3128600,-985.0
53706.0,55394.0,2701800,-1688.0
53569.0,53706.0,3467800,-137.0
53421.0,53569.0,2970600,-148.0
54331.0,53421.0,3047600,910.0
53402.0,54331.0,2784600,-929.0
53909.0,53402.0,2821800,507.0
54583.0,53909.0,2519400,674.0
55347.0,54583.0,2296200,764.0
54195.0,55347.0,2879200,-1152.0
53034.0,54195.0,2865000,-1161.0
52639.0,53034.0,2807800,-395.0
52608.0,52639.0,2762600,-31.0
54003.0,52608.0,2216000,1395.0
56553.0,54003.0,3017600,2550.0
57241.0,56553.0,4674400,688.0
56097.0,57241.0,2965600,-1144.0
55623.0,56097.0,692000,-474.0
55520.0,55623.0,598200,-103.0
57255.0,55520.0,2838000,1735.0
58345.0,57255.0,3577400,1090.0
57726.0,58345.0,3613400,-619.0
58951.0,57726.0,3447200,1225.0
58797.0,58951.0,3233200,-154.0
59281.0,58797.0,2863000,484.0
59123.0,59281.0,3080000,-158.0
58083.0,59123.0,2539200,-1040.0
58189.0,58083.0,3533800,106.0
59446.0,58189.0,4578200,1257.0
59082.0,59446.0,3477000,-364.0
59283.0,59082.0,2954200,201.0
58918.0,59283.0,3001200,-365.0
59381.0,58918.0,3926400,463.0
58512.0,59381.0,3708800,-869.0
58426.0,58512.0,3342000,-86.0
58111.0,58426.0,3212600,-315.0
58406.0,58111.0,2344200,295.0
57369.0,58406.0,2728200,-1037.0
57256.0,57369.0,4106200,-113.0
57061.0,57256.0,3132600,-195.0
57281.0,57061.0,5747200,220.0
56234.0,57281.0,2317000,-1047.0
56864.0,56234.0,3236000,630.0
58321.0,56864.0,3313000,1457.0
58404.0,58321.0,3620600,83.0
59423.0,58404.0,3513600,1019.0
59922.0,59423.0,3854800,499.0
61958.0,59922.0,4849800,2036.0
62105.0,61958.0,5974600,147.0
61806.0,62105.0,5816200,-299.0
61804.0,61806.0,3903000,-2.0
61652.0,61804.0,3202000,-152.0
61688.0,61652.0,3391000,36.0
61320.0,61688.0,2923200,-368.0
61910.0,61320.0,2985400,590.0
60501.0,61910.0,3329800,-1409.0
60478.0,60501.0,3873600,-23.0
60240.0,60478.0,3139400,-238.0
59176.0,60240.0,3811000,-1064.0
59571.0,59176.0,3690000,395.0
59222.0,59571.0,2759600,-349.0
58627.0,59222.0,3198400,-595.0
58458.0,58627.0,3195600,-169.0
58572.0,58458.0,3365200,114.0
59317.0,58572.0,3244200,745.0
58939.0,59317.0,2596200,-378.0
58456.0,58939.0,3146400,-483.0
59162.0,58456.0,2781600,706.0
59602.0,59162.0,2817800,440.0
59744.0,59602.0,3119200,142.0
60087.0,59744.0,3251000,343.0
59734.0,60087.0,4209400,-353.0
58922.0,59734.0,3321200,-812.0
58700.0,58922.0,3000200,-222.0
57690.0,58700.0,2803400,-1010.0
57161.0,57690.0,3395600,-529.0
57837.0,57161.0,2934800,676.0
57277.0,57837.0,0,-560.0
57177.0,57277.0,2999400,-100.0
57684.0,57177.0,1709800,507.0
57068.0,57684.0,1606000,-616.0
58383.0,57068.0,2794200,1315.0
58210.0,58383.0,2980200,-173.0
59459.0,58210.0,2617200,1249.0
58517.0,59459.0,3470000,-942.0
57524.0,58517.0,3084000,-993.0
57358.0,57524.0,3201000,-166.0
57064.0,57358.0,4250400,-294.0
57486.0,57064.0,2071200,422.0
56279.0,57486.0,3363400,-1207.0
55402.0,56279.0,3606400,-877.0
56451.0,55402.0,3471800,1049.0
56242.0,56451.0,2782800,-209.0
56437.0,56242.0,3592200,195.0
57574.0,56437.0,2146200,1137.0
56737.0,57574.0,3182000,-837.0
56248.0,56737.0,2752800,-489.0
56539.0,56248.0,3554200,291.0
57853.0,56539.0,3465400,1314.0
57475.0,57853.0,3401400,-378.0
58202.0,57475.0,5047000,727.0
57563.0,58202.0,3485800,-639.0
57679.0,57563.0,3937200,116.0
57656.0,57679.0,3582400,-23.0
58487.0,57656.0,3203200,831.0
59248.0,58487.0,3042400,761.0
59623.0,59248.0,3061800,375.0
59474.0,59623.0,3988600,-149.0
59317.0,59474.0,4749600,-157.0
59605.0,59317.0,3569400,288.0
59567.0,59605.0,3405800,-38.0
60461.0,59567.0,3114400,894.0
60998.0,60461.0,4364800,537.0
61276.0,60998.0,4427600,278.0
61007.0,61276.0,3083400,-269.0
60960.0,61007.0,3157400,-47.0
60416.0,60960.0,2598000,-544.0
60952.0,60416.0,2852600,536.0
62550.0,60952.0,2626000,1598.0
63312.0,62550.0,3739800,762.0
62523.0,63312.0,3355800,-789.0
61933.0,62523.0,6233800,-590.0
61128.0,61933.0,3985800,-805.0
61579.0,61128.0,3840600,451.0
61678.0,61579.0,3236400,99.0
61497.0,61678.0,4100600,-181.0
62081.0,61497.0,3161000,584.0
61728.0,62081.0,3481400,-353.0
61787.0,61728.0,3819200,59.0
62194.0,61787.0,2789200,407.0
61956.0,62194.0,3382000,-238.0
61900.0,61956.0,3495200,-56.0
61692.0,61900.0,2143400,-208.0
61966.0,61692.0,3475000,274.0
61170.0,61966.0,3209000,-796.0
61170.0,61170.0,3605200,0.0
60027.0,61170.0,0,-1143.0
60406.0,60027.0,3426800,379.0
59337.0,60406.0,3192600,-1069.0
59761.0,59337.0,4661200,424.0
60351.0,59761.0,4749400,590.0
59576.0,60351.0,3412400,-775.0
59445.0,59576.0,3347800,-131.0
58951.0,59445.0,4429600,-494.0
58372.0,58951.0,4410400,-579.0
58498.0,58372.0,4071600,126.0
58406.0,58498.0,3152400,-92.0
58077.0,58406.0,2803800,-329.0
57903.0,58077.0,2385200,-174.0
57614.0,57903.0,3519200,-289.0
57314.0,57614.0,2697200,-300.0
56178.0,57314.0,3921000,-1136.0
56155.0,56178.0,4950200,-23.0
56697.0,56155.0,4915800,542.0
56618.0,56697.0,5113800,-79.0
56949.0,56618.0,3965400,331.0
57274.0,56949.0,4510600,325.0
57424.0,57274.0,5034000,150.0
56884.0,57424.0,4441800,-540.0
56499.0,56884.0,3889600,-385.0
55951.0,56499.0,4033800,-548.0
57940.0,55951.0,4261000,1989.0
58847.0,57940.0,5806000,907.0
58433.0,58847.0,6338200,-414.0
58545.0,58433.0,4129200,112.0
58209.0,58545.0,4129000,-336.0
57386.0,58209.0,3805000,-823.0
57281.0,57386.0,4536800,-105.0
56869.0,57281.0,4581200,-412.0
56973.0,56869.0,5182400,104.0
56361.0,56973.0,3741000,-612.0
56030.0,56361.0,3828800,-331.0
55577.0,56030.0,4179200,-453.0
55243.0,55577.0,4368400,-334.0
54873.0,55243.0,3744400,-370.0
55671.0,54873.0,3849400,798.0
56034.0,55671.0,3755400,363.0
56352.0,56034.0,4052600,318.0
55902.0,56352.0,4373800,-450.0
54889.0,55902.0,2755200,-1013.0
55563.0,54889.0,3588600,674.0
54648.0,55563.0,4480400,-915.0
55051.0,54648.0,4574000,403.0
55092.0,55051.0,5975800,41.0
55912.0,55092.0,5504200,820.0
56187.0,55912.0,5186200,275.0
55401.0,56187.0,5388600,-786.0
54963.0,55401.0,3836800,-438.0
52950.0,54963.0,4805800,-2013.0
53991.0,52950.0,4709400,1041.0
52882.0,53991.0,4353800,-1109.0
53166.0,52882.0,7413000,284.0
53929.0,53166.0,4554200,763.0
54298.0,53929.0,3733000,369.0
54885.0,54298.0,4174800,587.0
54984.0,54885.0,5365600,99.0
54963.0,54984.0,3949800,-21.0
54252.0,54963.0,4347800,-711.0
54887.0,54252.0,4660200,635.0
55910.0,54887.0,5931200,1023.0
55322.0,55910.0,7138200,-588.0
55488.0,55322.0,5436000,166.0
55430.0,55488.0,8860800,-58.0
56275.0,55430.0,6452600,845.0
55805.0,56275.0,6235400,-470.0
55448.0,55805.0,6519800,-357.0
55108.0,55448.0,4799400,-340.0
54448.0,55108.0,5315200,-660.0
54667.0,54448.0,3956400,219.0
54936.0,54667.0,5094800,269.0
54773.0,54936.0,4899800,-163.0
55164.0,54773.0,5080200,391.0
55701.0,55164.0,4067400,537.0
56265.0,55701.0,4164800,564.0
56429.0,56265.0,3898600,164.0
56350.0,56429.0,4872400,-79.0
56406.0,56350.0,4072000,56.0
56396.0,56406.0,4852600,-10.0
56036.0,56396.0,2051200,-360.0
54635.0,56036.0,4175200,-1401.0
53506.0,54635.0,5004200,-1129.0
53944.0,53506.0,8790400,438.0
54018.0,53944.0,4336200,74.0
52799.0,54018.0,4314600,-1219.0
52885.0,52799.0,4630200,86.0
51619.0,52885.0,4088800,-1266.0
51317.0,51619.0,5635400,-302.0
49770.0,51317.0,4689400,-1547.0
49181.0,49770.0,5560600,-589.0
50415.0,49181.0,7780000,1234.0
49332.0,50415.0,6228400,-1083.0
49089.0,49332.0,5826000,-243.0
49465.0,49089.0,5324600,376.0
47893.0,49465.0,5977200,-1572.0
48214.0,47893.0,6582600,321.0
47056.0,48214.0,8789400,-1158.0
45965.0,47056.0,6416400,-1091.0
46893.0,45965.0,6301400,928.0
47172.0,46893.0,4773600,279.0
47609.0,47172.0,5636200,437.0
47457.0,47609.0,5567200,-152.0
47230.0,47457.0,5752800,-227.0
45229.0,47230.0,6658400,-2001.0
45044.0,45229.0,8123400,-185.0
45763.0,45044.0,6998800,719.0
45210.0,45763.0,5100400,-553.0
45076.0,45210.0,6988200,-134.0
45483.0,45076.0,4664000,407.0
46626.0,45483.0,4867600,1143.0
45533.0,46626.0,5587800,-1093.0
46739.0,45533.0,5357200,1206.0
46869.0,46739.0,4842800,130.0
47407.0,46869.0,4775800,538.0
47657.0,47407.0,5185000,250.0
47400.0,47657.0,4285200,-257.0
48574.0,47400.0,3474000,1174.0
48820.0,48574.0,4132000,246.0
48374.0,48820.0,4579400,-446.0
49067.0,48374.0,5006400,693.0
49422.0,49067.0,4935600,355.0
49212.0,49422.0,3997400,-210.0
48562.0,49212.0,3285200,-650.0
48234.0,48562.0,0,-328.0
49141.0,48234.0,4944600,907.0
48474.0,49141.0,4687400,-667.0
48436.0,48474.0,4491200,-38.0
47422.0,48436.0,3743000,-1014.0
47447.0,47422.0,5267000,25.0
48929.0,47447.0,4463400,1482.0
49875.0,48929.0,5221800,946.0
50299.0,49875.0,6321000,424.0
50601.0,50299.0,7041200,302.0
50896.0,50601.0,6511900,295.0
50908.0,50896.0,11269000,12.0
51539.0,50908.0,8357400,631.0
51574.0,51539.0,7402400,35.0
50507.0,51574.0,6388000,-1067.0
50405.0,50507.0,5834400,-102.0
51398.0,50405.0,5993400,993.0
52197.0,51398.0,5570000,799.0
51429.0,52197.0,5887800,-768.0
50092.0,51429.0,4283400,-1337.0
49867.0,50092.0,5718400,-225.0
49922.0,49867.0,8503400,55.0
50008.0,49922.0,7991000,86.0
51835.0,50008.0,14233400,1827.0
51626.0,51835.0,9666200,-209.0
51716.0,51626.0,6887000,90.0
52352.0,51716.0,5036400,636.0
53749.0,52352.0,6194200,1397.0
54252.0,53749.0,10524400,503.0
53979.0,54252.0,7775400,-273.0
53570.0,53979.0,6826400,-409.0
53307.0,53570.0,6817000,-263.0
53798.0,53307.0,6094600,491.0
53822.0,53798.0,4938600,24.0
54271.0,53822.0,4775000,449.0
55703.0,54271.0,4249200,1432.0
55096.0,55703.0,7541000,-607.0
54110.0,55096.0,5134600,-986.0
54602.0,54110.0,4421000,492.0
54431.0,54602.0,3915400,-171.0
54261.0,54431.0,4296000,-170.0
53783.0,54261.0,3904000,-478.0
53739.0,53783.0,6266400,-44.0
52338.0,53739.0,4217400,-1401.0
53179.0,52338.0,6498600,841.0
53100.0,53179.0,5041900,-79.0
52490.0,53100.0,4144800,-610.0
52849.0,52490.0,3992100,359.0
52417.0,52849.0,4300400,-432.0
52312.0,52417.0,3472200,-105.0
52548.0,52312.0,4002600,236.0
52997.0,52548.0,4212400,449.0
53150.0,52997.0,4136800,153.0
54171.0,53150.0,3052400,1021.0
54981.0,54171.0,4094500,810.0
55973.0,54981.0,8575300,992.0
55358.0,55973.0,12960000,-615.0
55378.0,55358.0,7207200,20.0
56077.0,55378.0,5977600,699.0
56460.0,56077.0,4658500,383.0
55440.0,56460.0,4607000,-1020.0
54877.0,55440.0,4019200,-563.0
54154.0,54877.0,5649300,-723.0
55073.0,54154.0,4940300,919.0
54539.0,55073.0,5796100,-534.0
54173.0,54539.0,6136200,-366.0
54256.0,54173.0,6039200,83.0
54013.0,54256.0,12953800,-243.0
54437.0,54013.0,4094400,424.0
53832.0,54437.0,2731000,-605.0
53385.0,53832.0,3327700,-447.0
52741.0,53385.0,4258800,-644.0
52249.0,52741.0,4874300,-492.0
52624.0,52249.0,4105300,375.0
51804.0,52624.0,2317800,-820.0
52230.0,51804.0,3848200,426.0
53452.0,52230.0,3415400,1222.0
54307.0,53452.0,3609700,855.0
53033.0,54307.0,3320500,-1274.0
52688.0,53033.0,3649200,-345.0
52801.0,52688.0,3624600,113.0
52264.0,52801.0,3467000,-537.0
51447.0,52264.0,3075300,-817.0
51861.0,51447.0,3730200,414.0
51847.0,51861.0,3108000,-14.0
52482.0,51847.0,2416600,635.0
51245.0,52482.0,2633500,-1237.0
50349.0,51245.0,3793600,-896.0
50216.0,50349.0,3683100,-133.0
50788.0,50216.0,3641200,572.0
50944.0,50788.0,3672300,156.0
51165.0,50944.0,3353300,221.0
50993.0,51165.0,2277900,-172.0
50068.0,50993.0,2128000,-925.0
50122.0,50068.0,3083200,54.0
50051.0,50122.0,3049400,-71.0
50280.0,50051.0,2875700,229.0
50090.0,50280.0,2796500,-190.0
50563.0,50090.0,2678300,473.0
50819.0,50563.0,4527700,256.0
51186.0,50819.0,1146000,367.0
51356.0,51186.0,3715200,170.0
51356.0,51356.0,2305800,0.0
51221.0,51356.0,0,-135.0
51267.0,51221.0,1810000,46.0
51507.0,51267.0,2002600,240.0
51507.0,51507.0,2048600,0.0
50341.0,51507.0,0,-1166.0
50981.0,50341.0,3476300,640.0
50974.0,50981.0,7360400,-7.0
50430.0,50974.0,3727800,-544.0
50577.0,50430.0,3339500,147.0
49322.0,50577.0,2916500,-1255.0
49696.0,49322.0,3702600,374.0
49427.0,49696.0,3509600,-269.0
49703.0,49427.0,2803000,276.0
50105.0,49703.0,2887800,402.0
49696.0,50105.0,2835600,-409.0
49182.0,49696.0,2944500,-514.0
48708.0,49182.0,2615000,-474.0
48542.0,48708.0,1413000,-166.0
49300.0,48542.0,3104400,758.0
48321.0,49300.0,3873300,-979.0
47787.0,48321.0,3881700,-534.0
47701.0,47787.0,3535000,-86.0
47841.0,47701.0,2936000,140.0
47557.0,47841.0,2694500,-284.0
47244.0,47557.0,3324900,-313.0
47639.0,47244.0,3108300,395.0
46148.0,47639.0,3718700,-1491.0
46964.0,46148.0,3622100,816.0
46624.0,46964.0,3471600,-340.0
47738.0,46624.0,3358900,1114.0
48074.0,47738.0,3632200,336.0
47711.0,48074.0,3195800,-363.0
48463.0,47711.0,2634500,752.0
48217.0,48463.0,3379300,-246.0
47813.0,48217.0,2766300,-404.0
48201.0,47813.0,3167100,388.0
47576.0,48201.0,3192200,-625.0
46600.0,47576.0,1884200,-976.0
47151.0,46600.0,3860000,551.0
47289.0,47151.0,3995400,138.0
47380.0,47289.0,2996900,91.0
47394.0,47380.0,2605800,14.0
46716.0,47394.0,2990700,-678.0
46599.0,46716.0,2924800,-117.0
47607.0,46599.0,3225700,1008.0
47094.0,47607.0,3046300,-513.0
47094.0,47094.0,4088300,0.0
47094.0,47094.0,0,0.0
46589.0,47094.0,0,-505.0
47093.0,46589.0,2293000,504.0
46244.0,47093.0,3164900,-849.0
45533.0,46244.0,3982800,-711.0
45698.0,45533.0,3673600,165.0
45862.0,45698.0,3281500,164.0
45444.0,45862.0,3021300,-418.0
44966.0,45444.0,3118200,-478.0
45118.0,44966.0,3477100,152.0
46151.0,45118.0,2929300,1033.0
46567.0,46151.0,3593900,416.0
47279.0,46567.0,3337700,712.0
47381.0,47279.0,4364800,102.0
47993.0,47381.0,4187600,612.0
48180.0,47993.0,3008900,187.0
47966.0,48180.0,2953800,-214.0
49647.0,47966.0,3439100,1681.0
49768.0,49647.0,5928200,121.0
50415.0,49768.0,4230500,647.0
50270.0,50415.0,3645900,-145.0
51701.0,50270.0,3501200,1431.0
51408.0,51701.0,4790700,-293.0
51082.0,51408.0,3503400,-326.0
52155.0,51082.0,3696200,1073.0
51629.0,52155.0,3673400,-526.0
51185.0,51629.0,5496100,-444.0
51128.0,51185.0,4195300,-57.0
51867.0,51128.0,3588900,739.0
51597.0,51867.0,3395300,-270.0
50454.0,51597.0,2686800,-1143.0
51201.0,50454.0,3858800,747.0
52111.0,51201.0,3427100,910.0
52112.0,52111.0,3015500,1.0
52112.0,52112.0,0,0.0
51977.0,52112.0,0,-135.0
51570.0,51977.0,3492900,-407.0
51817.0,51570.0,2844000,247.0
51399.0,51817.0,3186900,-418.0
51384.0,51399.0,2954700,-15.0
51839.0,51384.0,2711300,455.0
51627.0,51839.0,4326300,-212.0
51627.0,51627.0,4623600,0.0
52980.0,51627.0,0,1353.0
53446.0,52980.0,8106000,466.0
53780.0,53446.0,4441100,334.0
54053.0,53780.0,4965700,273.0
53422.0,54053.0,4569600,-631.0
53100.0,53422.0,3344300,-322.0
54053.0,53100.0,3177900,953.0
53907.0,54053.0,2744300,-146.0
54413.0,53907.0,2956600,506.0
53856.0,54413.0,2878900,-557.0
53976.0,53856.0,3436100,120.0
53353.0,53976.0,3541400,-623.0
52366.0,53353.0,3089500,-987.0
52203.0,52366.0,3948600,-163.0
52806.0,52203.0,3248100,603.0
52626.0,52806.0,2941400,-180.0
52933.0,52626.0,2462300,307.0
52174.0,52933.0,1186800,-759.0
52640.0,52174.0,2894700,466.0
52239.0,52640.0,2842500,-401.0
51239.0,52239.0,2394300,-1000.0
51606.0,51239.0,4533200,367.0
52032.0,51606.0,2597900,426.0
51833.0,52032.0,2859400,-199.0
51559.0,51833.0,2571500,-274.0
53129.0,51559.0,2890000,1570.0
54273.0,53129.0,4298400,1144.0
54604.0,54273.0,3660000,331.0
55102.0,54604.0,3729900,498.0
55102.0,55102.0,3796000,0.0
54807.0,55102.0,0,-295.0
54630.0,54807.0,2664400,-177.0
54300.0,54630.0,2637400,-330.0
55202.0,54300.0,1588400,902.0
55203.0,55202.0,3265400,1.0
54638.0,55203.0,0,-565.0
54210.0,54638.0,2347800,-428.0
54281.0,54210.0,1403100,71.0
53426.0,54281.0,3121500,-855.0
53507.0,53426.0,2953100,81.0
53157.0,53507.0,2241300,-350.0
53168.0,53157.0,2370800,11.0
53172.0,53168.0,2448700,4.0
53029.0,53172.0,2693300,-143.0
53875.0,53029.0,3156000,846.0
54056.0,53875.0,3302900,181.0
53802.0,54056.0,753800,-254.0
53634.0,53802.0,2194500,-168.0
53635.0,53634.0,1854600,1.0
54593.0,53635.0,0,958.0
54786.0,54593.0,4720300,193.0
55744.0,54786.0,3377200,958.0
55974.0,55744.0,4170300,230.0
55717.0,55974.0,3222300,-257.0
55638.0,55717.0,4094500,-79.0
57013.0,55638.0,3975700,1375.0
57634.0,57013.0,5296300,621.0
57983.0,57634.0,3034800,349.0
57420.0,57983.0,3010300,-563.0
57978.0,57420.0,2735100,558.0
57821.0,57978.0,3040100,-157.0
57696.0,57821.0,2422200,-125.0
57119.0,57696.0,2366800,-577.0
56878.0,57119.0,2702100,-241.0
55829.0,56878.0,2446200,-1049.0
55903.0,55829.0,3488600,74.0
56616.0,55903.0,3229100,713.0
56202.0,56616.0,2195100,-414.0
56487.0,56202.0,3752600,285.0
56188.0,56487.0,4006200,-299.0
55573.0,56188.0,3049200,-615.0
56613.0,55573.0,3017300,1040.0
56442.0,56613.0,2672500,-171.0
55581.0,56442.0,2145000,-861.0
55780.0,55581.0,4810800,199.0
56964.0,55780.0,3045400,1184.0
57561.0,56964.0,3437700,597.0
58449.0,57561.0,3268300,888.0
58878.0,58449.0,3485000,429.0
58992.0,58878.0,3300100,114.0
58407.0,58992.0,3322000,-585.0
59735.0,58407.0,2327300,1328.0
59821.0,59735.0,2875600,86.0
60951.0,59821.0,4014100,1130.0
60291.0,60951.0,5389100,-660.0
61288.0,60291.0,4462600,997.0
61141.0,61288.0,4942400,-147.0
61896.0,61141.0,2769100,755.0
61837.0,61896.0,3995800,-59.0
60800.0,61837.0,4164300,-1037.0
60682.0,60800.0,4010700,-118.0
59193.0,60682.0,3808600,-1489.0
58676.0,59193.0,4386000,-517.0
58199.0,58676.0,4461200,-477.0
58337.0,58199.0,3805800,138.0
56928.0,58337.0,2893100,-1409.0
57949.0,56928.0,4620200,1021.0
59115.0,57949.0,2902300,1166.0
59108.0,59115.0,4876300,-7.0
58375.0,59108.0,3525800,-733.0
57789.0,58375.0,3848200,-586.0
56818.0,57789.0,3464700,-971.0
56541.0,56818.0,3814900,-277.0
56824.0,56541.0,3317200,283.0
55962.0,56824.0,2848300,-862.0
57212.0,55962.0,2845400,1250.0
54625.0,57212.0,2982200,-2587.0
54116.0,54625.0,5186400,-509.0
52858.0,54116.0,5222300,-1258.0
53519.0,52858.0,4918800,661.0
54540.0,53519.0,3986300,1021.0
57116.0,54540.0,3708600,2576.0
57436.0,57116.0,6714000,320.0
57059.0,57436.0,4874100,-377.0
57268.0,57059.0,4807200,209.0
55311.0,57268.0,4503200,-1957.0
57956.0,55311.0,3635700,2645.0
58015.0,57956.0,4544400,59.0
56135.0,58015.0,3904700,-1880.0
54298.0,56135.0,5671200,-1837.0
55724.0,54298.0,5427800,1426.0
54303.0,55724.0,4406300,-1421.0
52432.0,54303.0,3868300,-1871.0
52411.0,52432.0,6578000,-21.0
50713.0,52411.0,3755400,-1698.0
51941.0,50713.0,6346100,1228.0
50504.0,51941.0,5852100,-1437.0
52330.0,50504.0,7999300,1826.0
51049.0,52330.0,5761300,-1281.0
52337.0,51049.0,4915300,1288.0
54629.0,52337.0,4299700,2292.0
53947.0,54629.0,5348200,-682.0
54384.0,53947.0,3665200,437.0
53698.0,54384.0,3529800,-686.0
52637.0,53698.0,2901600,-1061.0
53223.0,52637.0,3692500,586.0
52725.0,53223.0,3592600,-498.0
52474.0,52725.0,2973700,-251.0
52979.0,52474.0,2678500,505.0
51846.0,52979.0,3198600,-1133.0
51772.0,51846.0,3032900,-74.0
51257.0,51772.0,3789300,-515.0
52062.0,51257.0,2824600,805.0
53402.0,52062.0,3639700,1340.0
53403.0,53402.0,4251300,1.0
56084.0,53403.0,0,2681.0
55407.0,56084.0,6026200,-677.0
55561.0,55407.0,4588700,154.0
55098.0,55561.0,5033200,-463.0
54721.0,55098.0,3033300,-377.0
54664.0,54721.0,2292700,-57.0
52277.0,54664.0,2637700,-2387.0
51612.0,52277.0,4312800,-665.0
52320.0,51612.0,3296400,708.0
51427.0,52320.0,2724600,-893.0
51992.0,51427.0,2913300,565.0
50274.0,51992.0,2530100,-1718.0
50193.0,50274.0,3302600,-81.0
49548.0,50193.0,3852900,-645.0
49861.0,49548.0,3168900,313.0
48002.0,49861.0,3828900,-1859.0
47019.0,48002.0,3756700,-983.0
47008.0,47019.0,4685700,-11.0
48714.0,47008.0,5339900,1706.0
48496.0,48714.0,6209500,-218.0
49651.0,48496.0,4240500,1155.0
50121.0,49651.0,0,470.0
50890.0,50121.0,0,769.0
50145.0,50890.0,0,-745.0
50594.0,50145.0,0,449.0
50007.0,50594.0,0,-587.0
50007.0,50007.0,0,0.0
48512.0,50007.0,0,-1495.0
47517.0,48512.0,0,-995.0
48001.0,47517.0,0,484.0
49463.0,48001.0,0,1462.0
49943.0,49463.0,0,480.0
48840.0,49943.0,0,-1103.0
48140.0,48840.0,0,-700.0
48042.0,48140.0,0,-98.0
47646.0,48042.0,0,-396.0
48026.0,47646.0,0,380.0
49017.0,48026.0,0,991.0
47758.0,49017.0,0,-1259.0
47877.0,47758.0,0,119.0
49224.0,47877.0,0,1347.0
49443.0,49224.0,0,219.0
48775.0,49443.0,0,-668.0
48577.0,48775.0,0,-198.0
48591.0,48577.0,0,14.0
47695.0,48591.0,0,-896.0
47762.0,47695.0,0,67.0
46908.0,47762.0,0,-854.0
47651.0,46908.0,0,743.0
48964.0,47651.0,0,1313.0
49301.0,48964.0,0,337.0
49234.0,49301.0,0,-67.0
48792.0,49234.0,0,-442.0
49383.0,48792.0,0,591.0
48510.0,49383.0,0,-873.0
48240.0,48510.0,0,-270.0
49533.0,48240.0,0,1293.0
50636.0,49533.0,0,1103.0
50636.0,50636.0,0,0.0
51280.0,50636.0,0,644.0
51294.0,51280.0,0,14.0
51238.0,51294.0,0,-56.0
51281.0,51238.0,0,43.0
51874.0,51281.0,0,593.0
51811.0,51874.0,0,-63.0
51761.0,51811.0,0,-50.0
51583.0,51761.0,0,-178.0
51021.0,51583.0,0,-562.0
51304.0,51021.0,0,283.0
50468.0,51304.0,0,-836.0
50365.0,50468.0,0,-103.0
49981.0,50365.0,0,-384.0
49181.0,49981.0,0,-800.0
48293.0,49181.0,0,-888.0
48906.0,48293.0,0,613.0
48880.0,48906.0,0,-26.0
48596.0,48880.0,0,-284.0
48848.0,48596.0,0,252.0
50285.0,48848.0,0,1437.0
51526.0,50285.0,0,1241.0
50954.0,51526.0,0,-572.0
51967.0,50954.0,0,1013.0
51908.0,51967.0,0,-59.0
51506.0,51908.0,0,-402.0
51858.0,51506.0,0,352.0
50580.0,51858.0,0,-1278.0
50095.0,50580.0,0,-485.0
51243.0,50095.0,0,1148.0
51150.0,51243.0,0,-93.0
52322.0,51150.0,0,1172.0
53123.0,52322.0,0,801.0
53737.0,53123.0,0,614.0
53729.0,53737.0,0,-8.0
53661.0,53729.0,0,-68.0
53803.0,53661.0,0,142.0
54214.0,53803.0,0,411.0
54240.0,54214.0,0,26.0
53982.0,54240.0,0,-258.0
54919.0,53982.0,0,937.0
54674.0,54919.0,0,-245.0
53955.0,54674.0,0,-719.0
53761.0,53955.0,0,-194.0
53761.0,53761.0,0,0.0
54617.0,53761.0,0,856.0
55685.0,54617.0,0,1068.0
56594.0,55685.0,0,909.0
55535.0,56594.0,0,-1059.0
55812.0,55535.0,0,277.0
55325.0,55812.0,0,-487.0
56229.0,55325.0,0,904.0
56229.0,56229.0,0,0.0
57354.0,56229.0,0,1125.0
58052.0,57354.0,0,698.0
57103.0,58052.0,0,-949.0
56921.0,57103.0,0,-182.0
57149.0,56921.0,0,228.0
57197.0,57149.0,0,48.0
56792.0,57197.0,2966300,-405.0
56372.0,56792.0,3087600,-420.0
56657.0,56372.0,3071700,285.0
57249.0,56657.0,3209800,592.0
56204.0,57249.0,2894400,-1045.0
55499.0,56204.0,3778400,-705.0
54901.0,55499.0,3223000,-598.0
55112.0,54901.0,3278700,211.0
54377.0,55112.0,3303700,-735.0
54609.0,54377.0,3689100,232.0
53630.0,54609.0,1604600,-979.0
54236.0,53630.0,3324200,606.0
53976.0,54236.0,3475600,-260.0
52760.0,53976.0,2914500,-1216.0
53031.0,52760.0,5553300,271.0
54236.0,53031.0,2675400,1205.0
53523.0,54236.0,3476000,-713.0
52973.0,53523.0,3317500,-550.0
52810.0,52973.0,2729100,-163.0
52816.0,52810.0,2582500,6.0
53876.0,52816.0,3678000,1060.0
53689.0,53876.0,3587500,-187.0
53348.0,53689.0,3093500,-341.0
53138.0,53348.0,2379500,-210.0
53702.0,53138.0,2607700,564.0
53249.0,53702.0,3280300,-453.0
54239.0,53249.0,2993200,990.0
53749.0,54239.0,2665000,-490.0
53864.0,53749.0,0,115.0
53772.0,53864.0,2354400,-92.0
53843.0,53772.0,2625300,71.0
53176.0,53843.0,2731100,-667.0
54017.0,53176.0,3234900,841.0
53014.0,54017.0,2705400,-1003.0
53081.0,53014.0,2550600,67.0
52758.0,53081.0,3021100,-323.0
53106.0,52758.0,2714000,348.0
52519.0,53106.0,2998100,-587.0
52149.0,52519.0,1498600,-370.0
52344.0,52149.0,2573500,195.0
51782.0,52344.0,3538900,-562.0
52591.0,51782.0,2880300,809.0
53119.0,52591.0,2678700,528.0
53239.0,53119.0,2606900,120.0
52902.0,53239.0,0,-337.0
53070.0,52902.0,2533600,168.0
52342.0,53070.0,2075700,-728.0
51600.0,52342.0,2440800,-742.0
51474.0,51600.0,2635000,-126.0
50916.0,51474.0,2942600,-558.0
49807.0,50916.0,3123300,-1109.0
49246.0,49807.0,4181500,-561.0
48736.0,49246.0,3632500,-510.0
49602.0,48736.0,0,866.0
50245.0,49602.0,0,643.0
49897.0,50245.0,0,-348.0
50865.0,49897.0,0,968.0
50138.0,50865.0,0,-727.0
50058.0,50138.0,2613200,-80.0
50287.0,50058.0,2670400,229.0
50011.0,50287.0,2662100,-276.0
48577.0,50011.0,3640800,-1434.0
49353.0,48577.0,3218400,776.0
49072.0,49353.0,2842100,-281.0
48388.0,49072.0,0,-684.0
48010.0,48388.0,4234500,-378.0
47508.0,48010.0,3186500,-502.0
47217.0,47508.0,2878900,-291.0
47451.0,47217.0,2411800,234.0
46588.0,47451.0,3544600,-863.0
46649.0,46588.0,3236800,61.0
45720.0,46649.0,2945700,-929.0
44336.0,45720.0,2869600,-1384.0
44545.0,44336.0,4727700,209.0
46038.0,44545.0,3726600,1493.0
47715.0,46038.0,3739600,1677.0
47154.0,47715.0,4252000,-561.0
46626.0,47154.0,3778600,-528.0
45477.0,46626.0,4667300,-1149.0
46464.0,45477.0,3665000,987.0
47366.0,46464.0,3740100,902.0
46498.0,47366.0,4103000,-868.0
46762.0,46498.0,4174900,264.0
46657.0,46762.0,2851000,-105.0
46504.0,46657.0,3699200,-153.0
46401.0,46504.0,4483200,-103.0
47282.0,46401.0,0,881.0
47364.0,47282.0,3579400,82.0
48553.0,47364.0,3562000,1189.0
48551.0,48553.0,4320300,-2.0
47264.0,48551.0,4184700,-1287.0
46590.0,47264.0,4381000,-674.0
46265.0,46590.0,2601200,-325.0
45340.0,46265.0,4193100,-925.0
45292.0,45340.0,3962000,-48.0
44831.0,45292.0,4331700,-461.0
43957.0,44831.0,3135300,-874.0
44132.0,43957.0,2771900,175.0
45059.0,44132.0,2960700,927.0
45313.0,45059.0,4831200,254.0
47033.0,45313.0,3773200,1720.0
47598.0,47033.0,4001300,565.0
47735.0,47598.0,3224000,137.0
48914.0,47735.0,0,1179.0
49107.0,48914.0,6060700,193.0
49338.0,49107.0,3585000,231.0
47363.0,49338.0,4551200,-1975.0
46710.0,47363.0,4221100,-653.0
47161.0,46710.0,0,451.0
47236.0,47161.0,0,75.0
47447.0,47236.0,3537700,211.0
47077.0,47447.0,0,-370.0
47026.0,47077.0,3297000,-51.0
47772.0,47026.0,2957300,746.0
47597.0,47772.0,3124100,-175.0
47209.0,47597.0,0,-388.0
47043.0,47209.0,2451400,-166.0
46741.0,47043.0,0,-302.0
45628.0,46741.0,0,-1113.0
45869.0,45628.0,3082000,241.0
48054.0,45869.0,3231400,2185.0
47710.0,48054.0,4603800,-344.0
48047.0,47710.0,3627200,337.0
46919.0,48047.0,0,-1128.0
46195.0,46919.0,3091100,-724.0
46179.0,46195.0,2278500,-16.0
47065.0,46179.0,2401800,886.0
46884.0,47065.0,3071700,-181.0
46517.0,46884.0,3154200,-367.0
46847.0,46517.0,3517200,330.0
47248.0,46847.0,3144900,401.0
47436.0,47248.0,3341700,188.0
48139.0,47436.0,3965500,703.0
48150.0,48139.0,0,11.0
48284.0,48150.0,3277600,134.0
46867.0,48284.0,3445700,-1417.0
47146.0,46867.0,3976000,279.0
45873.0,47146.0,0,-1273.0
45120.0,45873.0,3031900,-753.0
45047.0,45120.0,7164800,-73.0
44915.0,45047.0,4176300,-132.0
46393.0,44915.0,4179400,1478.0
45361.0,46393.0,4421500,-1032.0
45223.0,45361.0,3520900,-138.0
44443.0,45223.0,2853300,-780.0
46108.0,44443.0,3203200,1665.0
45631.0,46108.0,4446400,-477.0
45263.0,45631.0,3638300,-368.0
44747.0,45263.0,3281900,-516.0
44872.0,44747.0,2481600,125.0
45016.0,44872.0,2558500,144.0
45261.0,45016.0,3324300,245.0
43911.0,45261.0,3028800,-1350.0
43200.0,43911.0,4564700,-711.0
43470.0,43200.0,3452900,270.0
44015.0,43470.0,2577000,545.0
43764.0,44015.0,2501300,-251.0
43654.0,43764.0,1793200,-110.0
43350.0,43654.0,1675900,-304.0
42141.0,43350.0,2679200,-1209.0
42419.0,42141.0,2976300,278.0
41773.0,42419.0,2557200,-646.0
40695.0,41773.0,3935900,-1078.0
40612.0,40695.0,4032300,-83.0
39950.0,40612.0,3221600,-662.0
39514.0,39950.0,3086400,-436.0
38944.0,39514.0,3383700,-570.0
39500.0,38944.0,3569600,556.0
38569.0,39500.0,3868600,-931.0
37937.0,38569.0,4076400,-632.0
38057.0,37937.0,2161200,120.0
37645.0,38057.0,3044900,-412.0
37717.0,37645.0,3958400,72.0
38031.0,37717.0,3773600,314.0
37497.0,38031.0,4197500,-534.0
38376.0,37497.0,3607000,879.0
38630.0,38376.0,4648600,254.0
40406.0,38630.0,4464600,1776.0
40570.0,40406.0,5475700,164.0
38596.0,40570.0,3661700,-1974.0
39589.0,38596.0,4425300,993.0
40822.0,39589.0,4238100,1233.0
40592.0,40822.0,5388500,-230.0
40377.0,40592.0,3558900,-215.0
39318.0,40377.0,0,-1059.0
39808.0,39318.0,0,490.0
40093.0,39808.0,3327800,285.0
40948.0,40093.0,1694300,855.0
41631.0,40948.0,3921300,683.0
41478.0,41631.0,5307100,-153.0
41543.0,41478.0,3534900,65.0
43235.0,41543.0,3298700,1692.0
42521.0,43235.0,4508500,-714.0
42085.0,42521.0,3805300,-436.0
41888.0,42085.0,3522700,-197.0
41593.0,41888.0,0,-295.0
42794.0,41593.0,3274600,1201.0
44122.0,42794.0,4473500,1328.0
44893.0,44122.0,4610100,771.0
47193.0,44893.0,5009600,2300.0
49085.0,47193.0,9031000,1892.0
49246.0,49085.0,10284300,161.0
49102.0,49246.0,5720600,-144.0
48665.0,49102.0,7150500,-437.0
49571.0,48665.0,6230600,906.0
49639.0,49571.0,7467200,68.0
48867.0,49639.0,6002200,-772.0
47130.0,48867.0,4801100,-1737.0
47763.0,47130.0,5502200,633.0
50914.0,47763.0,5111000,3151.0
50815.0,50914.0,7245100,-99.0
51172.0,50815.0,5448400,357.0
51010.0,51172.0,3708500,-162.0
49690.0,51010.0,3896600,-1320.0
49657.0,49690.0,3638700,-33.0
50838.0,49657.0,3688400,1181.0
51155.0,50838.0,3515800,317.0
51249.0,51155.0,4320900,94.0
50055.0,51249.0,4730600,-1194.0
50562.0,50055.0,4251900,507.0
48780.0,50562.0,3890600,-1782.0
49054.0,48780.0,3556500,274.0
48096.0,49054.0,3546100,-958.0
48513.0,48096.0,3810000,417.0
50293.0,48513.0,3059900,1780.0
50165.0,50293.0,5047700,-128.0
52002.0,50165.0,4050700,1837.0
53150.0,52002.0,5146900,1148.0
52411.0,53150.0,6376500,-739.0
53228.0,52411.0,5492100,817.0
52894.0,53228.0,5047800,-334.0
53710.0,52894.0,4385600,816.0
53631.0,53710.0,5033900,-79.0
52908.0,53631.0,4554100,-723.0
51862.0,52908.0,4259400,-1046.0
53083.0,51862.0,3693200,1221.0
54478.0,53083.0,3749400,1395.0
54312.0,54478.0,4897900,-166.0
53911.0,54312.0,4413500,-401.0
53562.0,53911.0,4898400,-349.0
52260.0,53562.0,3286100,-1302.0
52553.0,52260.0,3892400,293.0
51671.0,52553.0,4263800,-882.0
51718.0,51671.0,0,47.0
50990.0,51718.0,3296100,-728.0
53071.0,50990.0,4938400,2081.0
52764.0,53071.0,4079200,-307.0
53241.0,52764.0,4350000,477.0
51804.0,53241.0,4630400,-1437.0
51803.0,51804.0,4314300,-1.0
50839.0,51803.0,3529500,-964.0
50562.0,50839.0,3871100,-277.0
50133.0,50562.0,4072500,-429.0
49723.0,50133.0,3905500,-410.0
49330.0,49723.0,3254500,-393.0
49345.0,49330.0,3412800,15.0
49483.0,49345.0,3138900,138.0
49051.0,49483.0,3472600,-432.0
48964.0,49051.0,2711800,-87.0
48472.0,48964.0,1169200,-492.0
49013.0,48472.0,0,541.0
49887.0,49013.0,3290000,874.0
50619.0,49887.0,3525800,732.0
50432.0,50619.0,3329400,-187.0
50488.0,50432.0,0,56.0
51629.0,50488.0,2958800,1141.0
51118.0,51629.0,4206400,-511.0
49422.0,51118.0,3213200,-1696.0
49661.0,49422.0,2977400,239.0
48648.0,49661.0,2630500,-1013.0
48915.0,48648.0,3885000,267.0
49412.0,48915.0,5009800,497.0
49534.0,49412.0,3887200,122.0
50329.0,49534.0,4248900,795.0
50838.0,50329.0,3487000,509.0
50156.0,50838.0,3349200,-682.0
51560.0,50156.0,3632900,1404.0
50105.0,51560.0,3166800,-1455.0
49246.0,50105.0,4139100,-859.0
50007.0,49246.0,3228500,761.0
51002.0,50007.0,3406400,995.0
51527.0,51002.0,3970100,525.0
52233.0,51527.0,4377800,706.0
52569.0,52233.0,4116100,336.0
51842.0,52569.0,0,-727.0
51902.0,51842.0,3121400,60.0
52015.0,51902.0,3277000,113.0
53141.0,52015.0,3712200,1126.0
53960.0,53141.0,2995500,819.0
54256.0,53960.0,3206300,296.0
54598.0,54256.0,3878700,342.0
55481.0,54598.0,4037100,883.0
55578.0,55481.0,4408500,97.0
56484.0,55578.0,3684500,906.0
56698.0,56484.0,3984500,214.0
56578.0,56698.0,3794000,-120.0
56641.0,56578.0,3865800,63.0
57002.0,56641.0,3486900,361.0
56873.0,57002.0,2912000,-129.0
56783.0,56873.0,3126900,-90.0
56853.0,56783.0,3351800,70.0
56667.0,56853.0,3795700,-186.0
57308.0,56667.0,0,641.0
56756.0,57308.0,4416500,-552.0
56162.0,56756.0,4088000,-594.0
57077.0,56162.0,3857700,915.0
57594.0,57077.0,4058600,517.0
57661.0,57594.0,4192000,67.0
57635.0,57661.0,3354600,-26.0
57689.0,57635.0,3153800,54.0
56920.0,57689.0,3049900,-769.0
58300.0,56920.0,3510600,1380.0
58298.0,58300.0,3905700,-2.0
59146.0,58298.0,3811800,848.0
58855.0,59146.0,3487200,-291.0
59324.0,58855.0,3874400,469.0
59166.0,59324.0,4179800,-158.0
59099.0,59166.0,3608700,-67.0
57781.0,59099.0,2661700,-1318.0
58020.0,57781.0,3133500,239.0
57718.0,58020.0,3635900,-302.0
