"Close","Close(-1)","High(-1)","Low(-1)"
1.834,1.8144,1.8149,1.7328
1.831,1.834,1.8344,1.8119
1.8194,1.831,1.8453,1.798
1.8389,1.8194,1.8194,1.7675
1.874,1.8389,1.8444,1.8156
1.86,1.874,1.874,1.8148
1.842,1.86,1.8768,1.8295
1.8123,1.842,1.8516,1.8038
1.8116,1.8123,1.8477,1.8003
1.8017,1.8116,1.8134,1.7525
1.7846,1.8017,1.8064,1.7592
1.7868,1.7846,1.809,1.7613
1.7854,1.7868,1.7956,1.7349
1.7723,1.7854,1.7854,1.7353
1.7636,1.7723,1.781,1.7308
1.7669,1.7636,1.7703,1.7213
1.8011,1.7669,1.7719,1.7207
1.7785,1.8011,1.8045,1.7382
1.78,1.7785,1.799,1.7374
1.782,1.78,1.7921,1.7324
1.8078,1.782,1.784,1.7276
1.7909,1.8078,1.8078,1.7306
1.7989,1.7909,1.809,1.7607
1.7745,1.7989,1.809,1.7921
1.7734,1.7745,1.7931,1.7401
1.767,1.7734,1.7734,1.721
1.765,1.767,1.7748,1.7251
1.7683,1.765,1.7819,1.7293
1.7564,1.7683,1.7719,1.7158
1.76,1.7564,1.7619,1.7138
1.756,1.76,1.7625,1.7088
1.766,1.756,1.76,1.7109
1.77,1.766,1.766,1.7019
1.7826,1.77,1.7748,1.7131
1.7863,1.7826,1.7842,1.7103
1.7737,1.7863,1.7863,1.7317
1.7714,1.7737,1.7964,1.7424
1.7602,1.7714,1.7765,1.7237
1.7605,1.7602,1.7795,1.7308
1.7656,1.7605,1.7642,1.7078
1.7607,1.7656,1.7707,1.7232
1.7623,1.7607,1.7681,1.7123
1.7648,1.7623,1.769,1.7187
1.7585,1.7648,1.7694,1.7198
1.7429,1.7585,1.7631,1.708
1.7537,1.7429,1.7539,1.704
1.7537,1.7537,1.76,1.7012
1.7526,1.7537,1.7586,1.7084
1.7535,1.7526,1.7554,1.702
1.7075,1.7535,1.7581,1.7026
1.751,1.7075,1.7581,1.7076
1.76,1.751,1.7615,1.698
1.7685,1.76,1.7709,1.7027
1.7664,1.7685,1.7769,1.7242
1.722,1.7664,1.7714,1.7187
1.7554,1.722,1.77,1.7223
1.7478,1.7554,1.7541,1.7045
1.7488,1.7478,1.752,1.7034
1.7606,1.7488,1.7614,1.7036
1.7128,1.7606,1.7624,1.7066
1.7613,1.7128,1.7614,1.7081
1.7609,1.7613,1.7782,1.72
1.7649,1.7609,1.772,1.7213
1.7563,1.7649,1.7622,1.7136
1.6992,1.7563,1.7601,1.7123
1.755,1.6992,1.7567,1.6997
1.7501,1.755,1.7647,1.709
1.74,1.7501,1.7574,1.7052
1.7395,1.74,1.744,1.6949
1.674,1.7395,1.724,1.6756
1.7249,1.674,1.7312,1.6825
1.73,1.7249,1.728,1.677
1.7192,1.73,1.7285,1.68
1.7232,1.7192,1.7234,1.6757
1.668,1.7232,1.723,1.6732
1.7165,1.668,1.7198,1.6718
1.7015,1.7165,1.7129,1.6599
1.7212,1.7015,1.7187,1.66
1.7175,1.7212,1.7213,1.6737
1.6655,1.7175,1.714,1.6613
1.7265,1.6655,1.7201,1.6718
1.7245,1.7265,1.7316,1.6828
1.6743,1.7245,1.7228,1.6616
1.7177,1.6743,1.7232,1.6687
1.6644,1.7177,1.721,1.6728
1.709,1.6644,1.7114,1.6606
1.709,1.709,1.7114,1.6599
1.7035,1.709,1.7109,1.658
1.6961,1.7035,1.702,1.6505
1.6335,1.6961,1.6861,1.6376
1.6975,1.6335,1.6906,1.6394
1.669,1.6975,1.6976,1.648
1.684,1.669,1.6786,1.6136
1.6778,1.684,1.6801,1.6283
1.6258,1.6778,1.6866,1.6311
1.6613,1.6258,1.665,1.6163
1.67,1.6613,1.669,1.6206
1.6525,1.67,1.6681,1.6067
1.6606,1.6525,1.6612,1.6029
1.6064,1.6606,1.6618,1.6098
1.672,1.6064,1.6737,1.6145
1.69,1.672,1.6969,1.6225
1.675,1.69,1.6799,1.6324
1.694,1.675,1.6955,1.6262
1.6439,1.694,1.6989,1.6469
1.6998,1.6439,1.7068,1.6559
1.7023,1.6998,1.7062,1.6458
1.719,1.7023,1.7151,1.6533
1.7135,1.719,1.718,1.6703
1.6462,1.7135,1.7089,1.6545
1.7043,1.6462,1.7053,1.6512
1.701,1.7043,1.7017,1.6538
1.689,1.701,1.7016,1.654
1.6747,1.689,1.6875,1.6399
1.679,1.6747,1.6808,1.62
1.696,1.679,1.6979,1.6286
1.696,1.696,1.6994,1.6503
1.71,1.696,1.7138,1.6507
1.7215,1.71,1.719,1.6576
1.6704,1.7215,1.7206,1.6658
1.72,1.6704,1.7209,1.6704
1.736,1.72,1.7299,1.6719
1.7262,1.736,1.7385,1.6903
1.711,1.7262,1.7249,1.6748
1.673,1.711,1.7183,1.6609
1.7208,1.673,1.7184,1.6654
1.7335,1.7208,1.7337,1.6731
1.722,1.7335,1.7327,1.6851
1.7155,1.722,1.7221,1.6716
1.7296,1.7155,1.7347,1.6711
1.717,1.7296,1.731,1.6769
1.7145,1.717,1.7235,1.6683
1.7059,1.7145,1.7121,1.6639
1.7015,1.7059,1.7043,1.6553
1.6361,1.7015,1.698,1.646
1.6813,1.6361,1.6882,1.6347
1.677,1.6813,1.6777,1.6249
1.692,1.677,1.6901,1.632
1.7036,1.692,1.7021,1.6398
1.705,1.7036,1.717,1.6594
1.693,1.705,1.7066,1.6567
1.693,1.693,1.6969,1.6435
1.6989,1.693,1.6994,1.6471
1.7043,1.6989,1.7082,1.6596
1.6662,1.7043,1.7117,1.6531
1.7066,1.6662,1.7118,1.6644
1.7,1.7066,1.7046,1.6569
1.699,1.7,1.6987,1.6441
1.6923,1.699,1.6992,1.6499
1.6907,1.6923,1.6523,1.6451
1.685,1.6907,1.6905,1.641
1.6902,1.685,1.6847,1.6356
1.678,1.6902,1.688,1.6405
1.662,1.678,1.6768,1.627
1.6155,1.662,1.6217,1.6217
1.6465,1.6155,1.6593,1.6096
1.6675,1.6465,1.6666,1.5979
1.675,1.6675,1.6687,1.6121
1.6859,1.675,1.6903,1.6234
1.6355,1.6859,1.6869,1.6367
1.689,1.6355,1.6933,1.6324
1.6416,1.689,1.689,1.6377
1.6247,1.6416,1.6805,1.6334
1.669,1.6247,1.672,1.6231
1.6481,1.669,1.6873,1.6226
1.6821,1.6481,1.6843,1.6362
1.6715,1.6821,1.6779,1.6307
1.67,1.6715,1.6714,1.6242
1.6352,1.67,1.6728,1.6216
1.6193,1.6352,1.6723,1.6223
1.6705,1.6193,1.6759,1.6265
1.6677,1.6705,1.672,1.621
1.6183,1.6677,1.6689,1.6217
1.6723,1.6183,1.6719,1.6171
1.6343,1.6723,1.68,1.6262
1.667,1.6343,1.6829,1.6343
1.6652,1.667,1.6649,1.6169
1.6627,1.6652,1.6649,1.6123
1.6684,1.6627,1.6697,1.6164
1.6242,1.6684,1.6741,1.6179
1.6279,1.6242,1.678,1.6236
1.6645,1.6279,1.676,1.6286
1.662,1.6645,1.667,1.6147
1.6641,1.662,1.6729,1.6107
1.6155,1.6641,1.6749,1.6197
1.6665,1.6155,1.6677,1.6144
1.6686,1.6665,1.6664,1.617
1.669,1.6686,1.6684,1.6189
1.662,1.669,1.673,1.6212
1.6145,1.662,1.6736,1.6124
1.6675,1.6145,1.6734,1.6134
1.6707,1.6675,1.6691,1.6184
1.671,1.6707,1.6714,1.614
1.6627,1.671,1.6726,1.6245
1.66,1.6627,1.6727,1.655
1.6588,1.66,1.6606,1.6539
1.6574,1.6588,1.6609,1.6564
1.6542,1.6574,1.6613,1.6563
1.6495,1.6542,1.6548,1.6501
1.6399,1.6495,1.6471,1.6399
1.6521,1.6399,1.6523,1.6501
1.654,1.6521,1.654,1.6484
1.6547,1.654,1.6514,1.6394
1.659,1.6547,1.6593,1.6488
1.6561,1.659,1.6632,1.6559
1.6649,1.6561,1.6657,1.6583
1.6632,1.6649,1.6756,1.6545
1.676,1.6632,1.6661,1.6553
1.6795,1.676,1.6728,1.662
1.6637,1.6795,1.6767,1.6635
1.6636,1.6637,1.6659,1.6553
1.6593,1.6636,1.6641,1.6593
1.66,1.6593,1.6612,1.6545
1.6575,1.66,1.6587,1.6518
1.6499,1.6575,1.6579,1.6499
1.66,1.6499,1.6614,1.6499
1.6559,1.66,1.6612,1.6531
1.6285,1.6559,1.647,1.6228
1.6272,1.6285,1.6286,1.6184
1.612,1.6272,1.6277,1.5953
1.6052,1.612,1.6177,1.6019
1.607,1.6052,1.6115,1.6034
1.6147,1.607,1.6075,1.5979
1.5929,1.6147,1.6117,1.5891
1.5703,1.5929,1.587,1.5659
1.5771,1.5703,1.5788,1.5639
1.591,1.5771,1.5883,1.5726
1.592,1.591,1.5937,1.5756
1.5686,1.592,1.588,1.5777
1.589,1.5686,1.5969,1.5712
1.5785,1.589,1.5855,1.5765
1.569,1.5785,1.5731,1.5591
1.569,1.569,1.565,1.5586
1.5613,1.569,1.565,1.5586
1.575,1.5613,1.5586,1.5586
1.5645,1.575,1.5661,1.5607
1.5665,1.5645,1.5693,1.5541
1.5863,1.5665,1.5918,1.5619
1.5633,1.5863,1.5808,1.5646
1.5765,1.5633,1.5752,1.5659
1.5875,1.5765,1.5936,1.5791
1.605,1.5875,1.6056,1.5786
1.625,1.605,1.6213,1.6085
1.5994,1.625,1.6189,1.5987
1.6155,1.5994,1.6259,1.5994
1.607,1.6155,1.6122,1.6027
1.6199,1.607,1.617,1.5987
1.6165,1.6199,1.6275,1.6135
1.6356,1.6165,1.6378,1.6098
1.6308,1.6356,1.6354,1.6218
1.618,1.6308,1.6361,1.6254
1.6113,1.618,1.6296,1.609
1.6159,1.6113,1.6175,1.6025
1.6113,1.6159,1.62,1.6092
1.6373,1.6113,1.6369,1.6175
1.6285,1.6373,1.6319,1.6178
1.6265,1.6285,1.6287,1.619
1.6223,1.6265,1.627,1.6173
1.5943,1.6223,1.6143,1.5943
1.593,1.5943,1.5945,1.5895
1.5787,1.593,1.5929,1.5764
1.592,1.5787,1.5843,1.5705
1.5775,1.592,1.5912,1.5769
1.5688,1.5775,1.5817,1.5409
1.5802,1.5688,1.5819,1.5688
1.577,1.5802,1.5746,1.55
1.5815,1.577,1.5847,1.5748
1.5869,1.5815,1.5871,1.574
1.5948,1.5869,1.596,1.5779
1.589,1.5948,1.5948,1.5813
1.5791,1.589,1.589,1.5765
1.597,1.5791,1.5926,1.5765
1.6061,1.597,1.6119,1.5952
1.5898,1.6061,1.5998,1.5898
1.594,1.5898,1.6051,1.5898
1.5875,1.594,1.5964,1.5818
1.587,1.5875,1.5866,1.5818
1.5905,1.587,1.5899,1.5864
1.59,1.5905,1.5952,1.5863
1.595,1.59,1.6018,1.59
1.578,1.595,1.5917,1.5759
1.5697,1.578,1.5755,1.5642
1.5614,1.5697,1.5655,1.5546
1.5488,1.5614,1.562,1.5488
1.5515,1.5488,1.557,1.5515
1.5637,1.5515,1.5629,1.5477
1.5692,1.5637,1.5698,1.5592
1.5545,1.5692,1.5669,1.5515
1.5618,1.5545,1.5639,1.5482
1.58,1.5618,1.5814,1.5451
1.5747,1.58,1.582,1.5716
1.5677,1.5747,1.5798,1.5642
1.5765,1.5677,1.5729,1.5648
1.568,1.5765,1.5769,1.5673
1.575,1.568,1.5825,1.5696
1.565,1.575,1.5718,1.5638
1.5615,1.565,1.565,1.5618
1.5523,1.5615,1.5629,1.5509
1.5539,1.5523,1.555,1.5478
1.5441,1.5539,1.5539,1.5361
1.5337,1.5441,1.5441,1.5252
1.5631,1.5337,1.5689,1.5333
1.5628,1.5631,1.5677,1.5503
1.5465,1.5628,1.5707,1.5462
1.5578,1.5465,1.5603,1.5427
1.5633,1.5578,1.5718,1.5458
1.563,1.5633,1.5659,1.5573
1.5768,1.563,1.5805,1.5456
1.593,1.5768,1.5952,1.5696
1.5969,1.593,1.6034,1.572
1.6282,1.5969,1.6548,1.6093
1.6219,1.6282,1.6277,1.5863
1.6233,1.6219,1.6372,1.6185
1.6114,1.6233,1.6253,1.6045
1.5887,1.6114,1.6112,1.59
1.5841,1.5887,1.5997,1.5722
1.5785,1.5841,1.5882,1.5743
1.607,1.5785,1.6089,1.5838
1.5953,1.607,1.5995,1.587
1.6025,1.5953,1.6052,1.5837
1.5973,1.6025,1.6057,1.5923
1.6073,1.5973,1.6027,1.5919
1.609,1.6073,1.6152,1.5969
1.6,1.609,1.6134,1.6
1.5943,1.6,1.6014,1.592
1.5865,1.5943,1.5952,1.582
1.5825,1.5865,1.5997,1.5794
1.599,1.5825,1.6089,1.5842
1.6298,1.599,1.6379,1.5953
1.6493,1.6298,1.6539,1.6365
1.66,1.6493,1.6629,1.638
1.6535,1.66,1.656,1.6498
1.6516,1.6535,1.6568,1.6476
1.6749,1.6516,1.6794,1.6545
1.7035,1.6749,1.6984,1.6697
1.7115,1.7035,1.7162,1.6987
1.724,1.7115,1.7336,1.705
1.7091,1.724,1.7128,1.6961
1.7105,1.7091,1.7242,1.7
1.7846,1.7105,1.7918,1.7143
1.7916,1.7846,1.7969,1.7654
1.8339,1.7916,1.841,1.7674
1.8768,1.8339,1.9463,1.7828
1.8558,1.8768,1.9175,1.8553
1.846,1.8558,1.8624,1.8102
1.802,1.846,1.8218,1.7919
1.8177,1.802,1.817,1.7967
1.8277,1.8177,1.8364,1.8194
1.847,1.8277,1.8622,1.8214
1.8877,1.847,1.891,1.859
1.8501,1.8877,1.8992,1.8721
1.8337,1.8501,1.8593,1.828
1.8067,1.8337,1.8347,1.7985
1.7623,1.8067,1.7793,1.7511
1.7469,1.7623,1.7728,1.7339
1.7388,1.7469,1.7798,1.7505
1.774,1.7388,1.7745,1.7567
1.7431,1.774,1.7724,1.7407
1.7307,1.7431,1.7487,1.7234
1.767,1.7307,1.7516,1.7307
1.7575,1.767,1.7835,1.7516
1.7613,1.7575,1.7653,1.7407
1.787,1.7613,1.7987,1.7617
1.7676,1.787,1.7885,1.7602
1.7493,1.7676,1.7815,1.7465
1.7615,1.7493,1.7637,1.7339
1.758,1.7615,1.769,1.7435
1.709,1.758,1.7559,1.7143
1.6871,1.709,1.7094,1.6827
1.6924,1.6871,1.6941,1.6651
1.742,1.6924,1.7573,1.6898
1.7333,1.742,1.7423,1.721
1.7315,1.7333,1.7401,1.7109
1.749,1.7315,1.7575,1.7239
1.7499,1.749,1.7583,1.7366
1.7395,1.7499,1.7494,1.7302
1.7566,1.7395,1.758,1.7273
1.76,1.7566,1.7805,1.75
1.7399,1.76,1.7621,1.7405
1.7595,1.7399,1.7651,1.7374
1.7693,1.7595,1.7695,1.7482
1.7703,1.7693,1.7814,1.7631
1.7645,1.7703,1.7842,1.7606
1.7778,1.7645,1.7833,1.7626
1.8042,1.7778,1.8108,1.781
1.8117,1.8042,1.8134,1.7943
1.8593,1.8117,1.8576,1.8134
1.8755,1.8593,1.8854,1.8462
1.8803,1.8755,1.9105,1.8713
1.8547,1.8803,1.8891,1.8455
1.8415,1.8547,1.8522,1.8285
1.808,1.8415,1.8447,1.7926
1.799,1.808,1.8057,1.7811
1.7952,1.799,1.7977,1.7638
1.7796,1.7952,1.7883,1.7732
1.791,1.7796,1.7934,1.7753
1.7987,1.791,1.8006,1.7815
1.817,1.7987,1.815,1.7798
1.7973,1.817,1.822,1.7921
1.8092,1.7973,1.8346,1.7929
1.8577,1.8092,1.8482,1.8314
1.8763,1.8577,1.8768,1.8586
1.8588,1.8763,1.8794,1.8501
1.853,1.8588,1.8571,1.8372
1.8665,1.853,1.8637,1.8394
1.8418,1.8665,1.8655,1.8348
1.8553,1.8418,1.8571,1.8392
1.851,1.8553,1.8607,1.845
1.858,1.851,1.8596,1.8291
1.8575,1.858,1.8575,1.8575
1.86,1.8575,1.8588,1.8365
1.8767,1.86,1.8798,1.8519
1.8652,1.8767,1.8844,1.8617
1.8623,1.8652,1.8629,1.8459
1.8701,1.8623,1.869,1.8535
1.8345,1.8701,1.8697,1.8294
1.8184,1.8345,1.8346,1.8131
1.843,1.8184,1.8455,1.8197
1.8476,1.843,1.8538,1.8333
1.841,1.8476,1.8549,1.8343
1.799,1.841,1.8299,1.7912
1.8035,1.799,1.8084,1.7952
1.7809,1.8035,1.8012,1.7798
1.7908,1.7809,1.8042,1.7658
1.7793,1.7908,1.7853,1.7784
1.7795,1.7793,1.7843,1.7644
1.7683,1.7795,1.7857,1.7673
1.7555,1.7683,1.7664,1.7564
1.7601,1.7555,1.7682,1.7587
1.752,1.7601,1.7682,1.7461
1.7584,1.752,1.7659,1.7534
1.76,1.7584,1.7602,1.7415
1.8525,1.76,1.7581,1.7295
1.738,1.8525,1.7484,1.733
1.7463,1.738,1.7533,1.7341
1.7448,1.7463,1.7491,1.7306
1.7317,1.7448,1.7512,1.7306
1.7181,1.7317,1.7355,1.7208
1.7153,1.7181,1.741,1.7146
1.7237,1.7153,1.7319,1.7111
1.7247,1.7237,1.7294,1.7171
1.7184,1.7247,1.7253,1.711
1.7155,1.7184,1.724,1.7066
1.7188,1.7155,1.728,1.7114
1.7152,1.7188,1.726,1.7085
1.7161,1.7152,1.7191,1.7089
1.7277,1.7161,1.7232,1.7103
1.7155,1.7277,1.7355,1.7212
1.7093,1.7155,1.7171,1.7053
1.7172,1.7093,1.7184,1.7129
1.7145,1.7172,1.7257,1.7128
1.7051,1.7145,1.716,1.7079
1.7128,1.7051,1.71,1.6923
1.7066,1.7128,1.7135,1.7008
1.7059,1.7066,1.7175,1.7023
1.6977,1.7059,1.7102,1.6935
1.7166,1.6977,1.7223,1.6867
1.7135,1.7166,1.7249,1.7084
1.7293,1.7135,1.7273,1.7085
1.7378,1.7293,1.7415,1.7223
1.7593,1.7378,1.7592,1.7362
1.7658,1.7593,1.771,1.7128
1.7613,1.7658,1.7774,1.7512
1.7891,1.7613,1.779,1.7573
1.7988,1.7891,1.8175,1.7718
1.7913,1.7988,1.8215,1.7911
1.8034,1.7913,1.8213,1.7882
1.7994,1.8034,1.8063,1.7863
1.7975,1.7994,1.8037,1.7807
1.8207,1.7975,1.8092,1.7954
1.8141,1.8207,1.8306,1.8017
1.8192,1.8141,1.8267,1.7965
1.8181,1.8192,1.8282,1.8123
1.8093,1.8181,1.8235,1.8038
1.8171,1.8093,1.8215,1.7912
1.8212,1.8171,1.823,1.8056
1.8234,1.8212,1.8237,1.8041
1.8208,1.8234,1.8341,1.8072
1.8257,1.8208,1.8275,1.8037
1.8328,1.8257,1.833,1.8208
1.8292,1.8328,1.8332,1.8148
1.8275,1.8292,1.8419,1.8073
1.8229,1.8275,1.8305,1.8078
1.8219,1.8229,1.828,1.8218
1.819,1.8219,1.8307,1.8218
1.8325,1.819,1.8355,1.7978
1.8346,1.8325,1.8377,1.816
1.8262,1.8346,1.8385,1.8171
1.8374,1.8262,1.8385,1.8089
1.8457,1.8374,1.8497,1.8181
1.8584,1.8457,1.8508,1.8297
1.8777,1.8584,1.8702,1.8419
1.8795,1.8777,1.8883,1.8602
1.8718,1.8795,1.8875,1.862
1.8798,1.8718,1.89,1.8529
1.8793,1.8798,1.89,1.8611
1.8788,1.8793,1.8881,1.8715
1.8838,1.8788,1.8877,1.8626
1.886,1.8838,1.887,1.8664
1.9058,1.886,1.8936,1.8672
1.9064,1.9058,1.9079,1.8945
1.9222,1.9064,1.913,1.8881
1.9098,1.9222,1.9326,1.904
1.9269,1.9098,1.9255,1.8891
1.9188,1.9269,1.9323,1.9087
1.9379,1.9188,1.9397,1.9013
1.9695,1.9379,1.9725,1.9223
1.952,1.9695,1.9737,1.9495
1.9652,1.952,1.9611,1.9334
1.9926,1.9652,1.9884,1.9467
1.9999,1.9926,1.9987,1.9764
1.9994,1.9999,2.0051,1.9824
2.0077,1.9994,2.0043,1.9812
2.022,2.0077,2.022,1.9906
2.0323,2.022,2.0446,2.0035
2.0873,2.0323,2.0589,2.0213
2.0271,2.0873,2.1017,2.0617
2.0274,2.0271,2.0495,2.0116
1.9847,2.0274,2.036,1.9881
1.9819,1.9847,1.9894,1.9641
1.992,1.9819,1.9975,1.9617
2.0149,1.992,2.01,1.9886
2.0253,2.0149,2.0264,1.9999
2.0388,2.0253,2.0385,2.0021
2.0529,2.0388,2.042,2.02
2.0215,2.0529,2.0579,2.0148
2.0316,2.0215,2.0317,2.0053
2.0296,2.0316,2.0322,2.029
2.022,2.0296,2.0399,2.0125
2.0637,2.022,2.0376,2.0016
2.0668,2.0637,2.0638,2.044
2.0709,2.0668,2.0677,2.0472
2.0578,2.0709,2.0742,2.0519
2.0482,2.0578,2.0691,2.0344
2.0601,2.0482,2.0655,2.0303
2.0279,2.0601,2.0613,2.031
2.0225,2.0279,2.0362,2.0073
2.0622,2.0225,2.0445,2.0067
2.066,2.0622,2.0624,2.0463
2.0603,2.066,2.0754,2.0465
2.0747,2.0603,2.0754,2.0409
2.0745,2.0747,2.0797,2.0548
2.0768,2.0745,2.0913,2.0575
2.0087,2.0768,2.078,2.0068
1.9846,2.0087,2.0111,1.981
2.0084,1.9846,2.0012,1.9756
2.0263,2.0084,2.0304,1.9916
2.0187,2.0263,2.0355,2.0064
2.0276,2.0187,2.039,1.9995
2.0314,2.0276,2.039,2.0078
2.0325,2.0314,2.0347,2.012
2.0352,2.0325,2.0346,2.0134
2.0367,2.0352,2.0497,2.0159
2.0373,2.0367,2.0465,2.0247
2.0341,2.0373,2.0401,2.0307
2.0206,2.0341,2.0373,2.0252
2.0185,2.0206,2.0302,2.0163
2.0112,2.0185,2.0251,2.003
2.0229,2.0112,2.0241,1.9924
2.0364,2.0229,2.0424,2.003
2.0455,2.0364,2.042,2.0333
2.0327,2.0455,2.0472,2.0328
2.0201,2.0327,2.0328,2.0172
2.0209,2.0201,2.027,2.012
2.0403,2.0209,2.0365,2.0019
2.0567,2.0403,2.0511,2.0217
2.0421,2.0567,2.0568,2.0342
2.0484,2.0421,2.05,2.0239
2.027,2.0484,2.0488,2.0193
2.0285,2.027,2.0286,2.0086
2.0271,2.0285,2.0312,2.011
2.0211,2.0271,2.0333,2.0086
2.0171,2.0211,2.0247,2.0115
2.0139,2.0171,2.0198,2.0114
2.0197,2.0139,2.0267,1.9954
2.0258,2.0197,2.026,2.0015
2.0236,2.0258,2.0286,2.0063
2.0151,2.0236,2.0237,2.0018
2.0145,2.0151,2.021,1.998
2.0143,2.0145,2.0201,1.9957
2.0109,2.0143,2.0205,1.9972
2.0153,2.0109,2.0208,1.9967
2.0228,2.0153,2.0243,2.012
2.0231,2.0228,2.0294,2.0057
2.031,2.0231,2.0281,2.005
2.0409,2.031,2.047,2.0153
2.047,2.0409,2.0498,2.0242
2.0455,2.047,2.0529,2.0306
2.0277,2.0455,2.0486,2.0202
2.0286,2.0277,2.0316,2.0106
2.0367,2.0286,2.0404,2.0133
2.0362,2.0367,2.0405,2.0232
2.025,2.0362,2.0389,2.0197
2.0253,2.025,2.0253,2.0079
2.0193,2.0253,2.0267,1.9923
2.0119,2.0193,2.0205,2.0032
2.0238,2.0119,2.0195,1.9976
2.0182,2.0238,2.0253,2.007
2.0093,2.0182,2.0195,2.0006
2.0303,2.0093,2.0303,1.9932
2.0199,2.0303,2.0312,2.0151
2.0215,2.0199,2.0245,2.0046
2.0181,2.0215,2.0268,2.0066
2.0188,2.0181,2.0235,2.016
2.0235,2.0188,2.0264,2.0034
2.0282,2.0235,2.0239,2.0067
2.0332,2.0282,2.0341,2.0113
2.027,2.0332,2.034,2.0159
2.0226,2.027,2.0314,2.0219
2.023,2.0226,2.0264,2.0075
2.0251,2.023,2.0257,2.0089
2.0187,2.0251,2.026,2.0081
2.0161,2.0187,2.0238,2.0054
1.9974,2.0161,2.0257,2.0018
2.0287,1.9974,2.0304,2.0119
2.0307,2.0287,2.0343,2.0249
2.0394,2.0307,2.0378,2.0183
2.0391,2.0394,2.0403,2.0232
2.0419,2.0391,2.0413,2.0241
2.0355,2.0419,2.0422,2.0244
2.0334,2.0355,2.036,2.0181
2.0299,2.0334,2.0348,2.0147
2.026,2.0299,2.0315,2.0143
2.026,2.026,2.0281,2.0085
2.023,2.026,2.0278,2.0097
2.0254,2.023,2.0283,2.0049
2.0241,2.0254,2.0262,2.0079
2.024,2.0241,2.0253,2.0057
2.0252,2.024,2.0297,2.0073
2.0309,2.0252,2.0423,2.01
2.029,2.0309,2.0329,2.0275
2.0279,2.029,2.0324,2.0083
2.0295,2.0279,2.0325,2.0266
2.0288,2.0295,2.0321,2.026
2.0342,2.0288,2.0384,2.0117
2.0291,2.0342,2.0357,2.0143
2.033,2.0291,2.0355,2.0128
2.0372,2.033,2.038,2.0288
2.0445,2.0372,2.0617,2.0367
2.0493,2.0445,2.0523,2.0276
2.0572,2.0493,2.0633,2.046
2.0637,2.0572,2.0677,2.0408
2.0648,2.0637,2.0699,2.0477
2.0806,2.0648,2.0757,2.0505
2.0772,2.0806,2.0948,2.0558
2.0802,2.0772,2.0808,2.0611
2.0956,2.0802,2.0963,2.0731
2.1033,2.0956,2.0995,2.0724
2.0801,2.1033,2.1137,2.0834
2.0813,2.0801,2.0914,2.0561
2.083,2.0813,2.085,2.0692
2.0919,2.083,2.0921,2.0679
2.0956,2.0919,2.107,2.0723
2.1339,2.0956,2.1109,2.0928
2.1191,2.1339,2.1403,2.091
2.1183,2.1191,2.1231,2.0834
2.0871,2.1183,2.1198,2.0903
2.076,2.0871,2.0975,2.0643
2.0735,2.076,2.0798,2.0589
2.0762,2.0735,2.0835,2.0594
2.0756,2.0762,2.0778,2.0529
2.0704,2.0756,2.08,2.058
2.0843,2.0704,2.08,2.0552
2.0851,2.0843,2.0869,2.0691
2.0951,2.0851,2.0951,2.0686
2.088,2.0951,2.106,2.0784
2.0692,2.088,2.091,2.0595
2.0693,2.0692,2.075,2.0437
2.0563,2.0693,2.0781,2.0531
2.0749,2.0563,2.0888,2.0589
2.0771,2.0749,2.0853,2.0743
2.048,2.0771,2.0815,2.0376
2.0417,2.048,2.0555,2.0227
2.0451,2.0417,2.0475,2.0223
2.0507,2.0451,2.0481,2.0285
2.0456,2.0507,2.054,2.0435
2.0456,2.0456,2.0503,2.035
2.0487,2.0456,2.0485,2.0282
2.0324,2.0487,2.0488,2.0273
2.0264,2.0324,2.0368,2.0147
2.0401,2.0264,2.035,2.0038
2.0477,2.0401,2.0462,2.0249
2.0277,2.0477,2.0477,2.0162
2.0297,2.0277,2.035,2.0154
2.0324,2.0297,2.035,2.0119
2.0408,2.0324,2.0369,2.0184
2.0371,2.0408,2.0414,2.0232
2.0298,2.0371,2.0437,2.0249
2.0387,2.0298,2.0415,2.0231
2.041,2.0387,2.0484,2.0367
2.0339,2.041,2.0503,2.0227
2.0285,2.0339,2.039,2.0168
2.0285,2.0285,2.0295,2.025
1.9941,2.0285,2.0345,2.0032
1.9864,1.9941,1.9961,1.974
1.9883,1.9864,1.9959,1.9794
1.9906,1.9883,1.9908,1.9653
1.9864,1.9906,1.9911,1.9711
1.9947,1.9864,1.9896,1.9682
1.9829,1.9947,1.9949,1.9694
1.9859,1.9829,1.987,1.9682
1.9635,1.9859,1.9905,1.9606
1.9701,1.9635,1.9735,1.9383
1.9707,1.9701,1.9724,1.9494
1.9688,1.9707,1.9725,1.9513
1.9641,1.9688,1.9695,1.9513
1.9562,1.9641,1.9665,1.9482
1.9652,1.9562,1.9619,1.9481
1.9597,1.9652,1.9703,1.9515
1.9539,1.9597,1.964,1.9439
1.9601,1.9539,1.957,1.9357
1.9718,1.9601,1.9767,1.9561
1.9691,1.9718,1.9727,1.9613
1.9805,1.9691,1.9732,1.9593
1.9821,1.9805,1.983,1.9708
1.9744,1.9821,1.989,1.9726
1.9777,1.9744,1.9768,1.9641
1.9811,1.9777,1.9849,1.9758
1.9711,1.9811,1.9839,1.9634
1.9625,1.9711,1.9718,1.9484
1.9707,1.9625,1.9672,1.9588
1.9595,1.9707,1.9709,1.9567
1.9419,1.9595,1.96,1.9447
1.9573,1.9419,1.9579,1.9287
1.9656,1.9573,1.9601,1.941
1.9715,1.9656,1.9669,1.9561
1.972,1.9715,1.9735,1.9622
1.9788,1.972,1.9758,1.9616
1.9828,1.9788,2.0071,1.9778
1.9826,1.9828,1.9851,1.962
1.9844,1.9826,1.9873,1.9708
2.0051,1.9844,1.9922,1.9785
2.0065,2.0051,2.0131,2.001
2.006,2.0065,2.016,1.9874
2.0149,2.006,2.016,1.9987
2.0102,2.0149,2.0238,2.0065
2.0192,2.0102,2.015,1.9955
2.019,2.0192,2.0192,2.0192
2.0151,2.019,2.0166,2.015
2.0186,2.0151,2.0222,2.0019
2.021,2.0186,2.023,2.0025
2.0128,2.021,2.023,2.0044
1.9832,2.0128,2.0148,1.9847
1.9897,1.9832,1.9903,1.9699
1.9806,1.9897,1.9902,1.974
1.9732,1.9806,1.9832,1.9646
1.9748,1.9732,1.9745,1.9557
1.9662,1.9748,1.9782,1.9589
1.998,1.9662,1.9788,1.9506
1.9846,1.998,2.0003,1.9785
1.9971,1.9846,2.0009,1.9684
1.9817,1.9971,2.0167,1.9813
2.0052,1.9817,2.0169,1.9811
2.0159,2.0052,2.0152,1.984
2.0184,2.0159,2.0196,1.9996
2.0087,2.0184,2.0229,2.0023
1.9993,2.0087,2.0125,1.9918
1.9933,1.9993,2.0125,1.9834
2.0057,1.9933,2.0005,1.9806
2.0015,2.0057,2.0102,1.9917
2.0017,2.0015,2.0044,1.9856
2.0069,2.0017,2.0106,1.9859
2.0054,2.0069,2.012,1.9922
2.0059,2.0054,2.0143,1.9911
2.0058,2.0059,2.013,1.9888
2.0007,2.0058,2.0062,1.9895
2.0093,2.0007,2.0043,1.989
2.0138,2.0093,2.0253,1.9953
2.0062,2.0138,2.02,1.9982
2.0184,2.0062,2.019,1.9894
2.0199,2.0184,2.0294,2.0009
2.0226,2.0199,2.0265,2.0033
2.0312,2.0226,2.0364,2.0075
2.0357,2.0312,2.0378,2.0166
2.0328,2.0357,2.0432,2.0203
2.0456,2.0328,2.0409,2.0168
2.0411,2.0456,2.0528,2.0298
2.0469,2.0411,2.0525,2.0247
2.0535,2.0469,2.0503,2.0169
2.0738,2.0535,2.0667,2.0369
2.1073,2.0738,2.0946,2.0679
2.1077,2.1073,2.1095,2.091
2.0899,2.1077,2.1408,2.0908
2.1213,2.0899,2.1412,2.1208
2.124,2.1213,2.1383,2.1076
2.1251,2.124,2.1466,2.0875
2.1274,2.1251,2.14,2.1107
2.1274,2.1274,2.1481,2.1108
2.1274,2.1274,2.158,2.1108
2.1274,2.1274,2.162,2.1108
2.1527,2.1274,2.162,2.1108
2.1168,2.1527,2.1532,2.1315
2.0964,2.1168,2.138,2.1008
2.1678,2.0964,2.1574,2.0961
2.1776,2.1678,2.1815,2.153
2.2242,2.1776,2.1798,2.1621
2.2557,2.2242,2.2717,2.207
2.2385,2.2557,2.2702,2.2402
2.2256,2.2385,2.2612,2.2265
2.2102,2.2256,2.2279,2.2018
2.1862,2.2102,2.2116,2.1868
2.1959,2.1862,2.1864,2.1697
2.1892,2.1959,2.2229,2.1792
2.2231,2.1892,2.2358,2.2129
2.2472,2.2231,2.2439,2.2066
2.2634,2.2472,2.2669,2.2304
2.246,2.2634,2.269,2.2443
2.2475,2.246,2.2665,2.2298
2.2615,2.2475,2.2635,2.2329
2.2541,2.2615,2.2617,2.2444
2.2704,2.2541,2.2707,2.2369
2.252,2.2704,2.271,2.2468
2.2619,2.252,2.2677,2.2488
2.2163,2.2619,2.2698,2.2401
2.2488,2.2163,2.255,2.2001
2.2229,2.2488,2.2617,2.2267
2.2218,2.2229,2.2382,2.2064
2.2448,2.2218,2.238,2.2039
2.2302,2.2448,2.2451,2.2284
2.21,2.2302,2.242,2.2138
2.2436,2.21,2.241,2.1994
2.2407,2.2436,2.2565,2.2274
2.2544,2.2407,2.2521,2.2347
2.2666,2.2544,2.2627,2.2342
2.2794,2.2666,2.2734,2.2507
2.2737,2.2794,2.2974,2.26
2.3012,2.2737,2.2952,2.2572
2.284,2.3012,2.3096,2.2776
2.3026,2.284,2.3004,2.2473
2.2952,2.3026,2.3037,2.2855
2.3041,2.2952,2.3044,2.2794
2.2785,2.3041,2.3045,2.2703
2.2686,2.2785,2.284,2.261
2.2845,2.2686,2.2765,2.2473
2.3107,2.2845,2.305,2.2686
2.3215,2.3107,2.3123,2.2952
2.3378,2.3215,2.3479,2.3055
2.3875,2.3378,2.362,2.322
2.4096,2.3875,2.4108,2.3738
2.3939,2.4096,2.4106,2.3811
2.4478,2.3939,2.423,2.3768
2.4325,2.4478,2.4516,2.4293
2.3455,2.4325,2.4329,2.3636
2.3762,2.3455,2.4457,2.3303
2.3684,2.3762,2.4132,2.361
2.3425,2.3684,2.387,2.3252
2.3561,2.3425,2.3644,2.3267
2.3807,2.3561,2.38,2.3411
2.3748,2.3807,2.4457,2.3512
2.356,2.3748,2.3987,2.3585
2.3578,2.356,2.3599,2.3385
2.3204,2.3578,2.3704,2.314
2.3006,2.3204,2.3226,2.2813
2.2739,2.3006,2.4457,2.273
2.2823,2.2739,2.277,2.2551
2.2718,2.2823,2.304,2.266
2.2726,2.2718,2.287,2.2589
2.2767,2.2726,2.2833,2.2567
2.2814,2.2767,2.2779,2.245
2.2503,2.2814,2.2828,2.2499
2.1828,2.2503,2.2547,2.2363
2.1973,2.1828,2.2133,2.1665
2.2075,2.1973,2.2162,2.1808
2.1958,2.2075,2.3778,2.1913
2.1947,2.1958,2.2096,2.1822
2.2233,2.1947,2.2305,2.1793
2.239,2.2233,2.2385,2.2079
2.2227,2.239,2.26,2.225
2.217,2.2227,2.2553,2.2174
2.2126,2.217,2.2228,2.1943
2.1896,2.2126,2.2199,2.1983
2.2049,2.1896,2.211,2.174
2.2075,2.2049,2.2081,2.1892
2.2051,2.2075,2.2178,2.1887
2.2026,2.2051,2.2107,2.19
2.1772,2.2026,2.2037,2.1721
2.171,2.1772,2.1845,2.1619
2.1789,2.171,2.1899,2.16
2.1773,2.1789,2.1875,2.16
2.1781,2.1773,2.1827,2.1517
2.1585,2.1781,2.1789,2.1546
2.1455,2.1585,2.163,2.1435
2.1706,2.1455,2.1746,2.1501
2.1696,2.1706,2.1855,2.1547
2.1863,2.1696,2.1844,2.1692
2.2006,2.1863,2.2053,2.1734
2.1844,2.2006,2.2018,2.1761
2.1775,2.1844,2.1875,2.165
2.182,2.1775,2.1875,2.1632
2.1811,2.182,2.1895,2.1778
2.2318,2.1811,2.2208,2.179
2.2517,2.2318,2.2565,2.223
2.2408,2.2517,2.254,2.2262
2.2773,2.2408,2.2903,2.2389
2.2825,2.2773,2.2937,2.2664
2.3029,2.2825,2.3001,2.2673
2.3093,2.3029,2.3396,2.2921
2.3278,2.3093,2.3269,2.2884
2.3304,2.3278,2.3449,2.3204
2.329,2.3304,2.3318,2.303
2.3113,2.329,2.3351,2.3063
2.3159,2.3113,2.3149,2.2948
2.2604,2.3159,2.3162,2.2625
2.2688,2.2604,2.2739,2.247
2.2687,2.2688,2.2705,2.2643
2.3021,2.2687,2.3142,2.2661
2.2738,2.3021,2.3123,2.2765
2.2808,2.2738,2.2926,2.262
2.2938,2.2808,2.303,2.2788
2.327,2.2938,2.311,2.2896
2.3149,2.327,2.3373,2.3098
2.3308,2.3149,2.3368,2.3005
2.3533,2.3308,2.3531,2.3299
2.373,2.3533,2.3591,2.3355
2.388,2.373,2.3802,2.3505
2.3562,2.388,2.3914,2.3562
2.3218,2.3562,2.3692,2.3283
2.317,2.3218,2.3286,2.2981
2.306,2.317,2.322,2.2915
2.3387,2.306,2.3358,2.2894
2.332,2.3387,2.347,2.3228
2.325,2.332,2.3368,2.3167
2.3229,2.325,2.3317,2.3043
2.3164,2.3229,2.3266,2.314
2.3289,2.3164,2.3349,2.3009
2.3545,2.3289,2.359,2.3163
2.3827,2.3545,2.3856,2.3369
2.354,2.3827,2.385,2.3528
2.3552,2.354,2.3575,2.3388
2.3545,2.3552,2.3523,2.3523
2.3523,2.3545,2.3568,2.3523
2.3335,2.3523,2.3568,2.3354
2.3593,2.3335,2.3609,2.3083
2.3592,2.3593,2.3598,2.3434
2.3571,2.3592,2.3571,2.3474
2.3847,2.3571,2.4057,2.3452
2.3715,2.3847,2.3851,2.3601
2.3737,2.3715,2.3819,2.3604
2.3687,2.3737,2.3737,2.3444
2.392,2.3687,2.3805,2.3501
2.388,2.392,2.3995,2.3734
2.3535,2.388,2.394,2.3593
2.3568,2.3535,2.3592,2.3357
2.3516,2.3568,2.3655,2.3388
2.3555,2.3516,2.355,2.3231
2.3606,2.3555,2.3742,2.3408
2.3475,2.3606,2.3628,2.3423
2.3405,2.3475,2.3521,2.3185
2.3578,2.3405,2.3653,2.3383
2.3696,2.3578,2.3663,2.3367
2.3909,2.3696,2.3881,2.3587
2.3932,2.3909,2.4297,2.3909
2.4184,2.3932,2.4181,2.3863
2.4234,2.4184,2.4244,2.3921
2.4324,2.4234,2.4468,2.421
2.4088,2.4324,2.44,2.4066
2.4223,2.4088,2.4338,2.3862
2.4372,2.4223,2.4243,2.3981
2.4064,2.4372,2.4375,2.4062
2.3955,2.4064,2.4167,2.3864
2.3795,2.3955,2.4098,2.3755
2.3752,2.3795,2.391,2.365
2.4062,2.3752,2.3993,2.3749
2.4014,2.4062,2.4137,2.3818
2.417,2.4014,2.4101,2.3871
2.391,2.417,2.4298,2.4044
2.3841,2.391,2.3959,2.3688
2.3818,2.3841,2.3897,2.3692
2.3861,2.3818,2.3995,2.3696
2.389,2.3861,2.4093,2.3824
2.3696,2.389,2.3918,2.3609
2.3406,2.3696,2.3739,2.3485
2.3363,2.3406,2.3482,2.325
2.3388,2.3363,2.342,2.3204
2.348,2.3388,2.3498,2.3211
2.319,2.348,2.3483,2.3304
2.3334,2.319,2.3411,2.3136
2.3411,2.3334,2.3391,2.3204
2.3378,2.3411,2.3455,2.3258
2.3173,2.3378,2.3386,2.3222
2.32,2.3173,2.3195,2.2974
2.3356,2.32,2.3426,2.3048
2.3432,2.3356,2.3488,2.3088
2.3594,2.3432,2.3537,2.3277
2.3523,2.3594,2.3705,2.3542
2.3611,2.3523,2.3576,2.336
2.3405,2.3611,2.3729,2.3537
2.3461,2.3405,2.3519,2.3294
2.3294,2.3461,2.3557,2.3398
2.3446,2.3294,2.3412,2.3263
2.3233,2.3446,2.3538,2.3248
2.3198,2.3233,2.3293,2.3084
2.3186,2.3198,2.3309,2.3089
2.3091,2.3186,2.3268,2.2984
2.2929,2.3091,2.3162,2.2875
2.2562,2.2929,2.304,2.2587
2.2561,2.2562,2.2663,2.2447
2.2693,2.2561,2.272,2.2453
2.2583,2.2693,2.2728,2.2491
2.265,2.2583,2.2734,2.2426
2.2765,2.265,2.2861,2.2525
2.2308,2.2765,2.278,2.2337
2.2143,2.2308,2.2449,2.2152
2.1989,2.2143,2.2167,2.1897
2.1813,2.1989,2.2142,2.1836
2.2039,2.1813,2.2026,2.1688
2.2139,2.2039,2.2162,2.188
2.2123,2.2139,2.2191,2.1963
2.2336,2.2123,2.234,2.1963
2.2382,2.2336,2.2363,2.2193
2.2282,2.2382,2.247,2.222
2.2282,2.2282,2.2428,2.2282
2.2282,2.2282,2.237,2.2282
2.237,2.2282,2.247,2.2185
2.2179,2.237,2.245,2.221
2.209,2.2179,2.2257,2.2072
2.2388,2.209,2.2368,2.1936
2.2203,2.2388,2.2425,2.2247
2.2332,2.2203,2.2265,2.201
2.228,2.2332,2.2546,2.218
2.2307,2.228,2.2335,2.2116
2.215,2.2307,2.2386,2.2117
2.2423,2.215,2.2325,2.2021
2.227,2.2423,2.2424,2.2231
2.214,2.227,2.2312,2.2082
2.213,2.214,2.2149,2.199
2.2075,2.213,2.2216,2.1983
2.2099,2.2075,2.2178,2.1952
2.2116,2.2099,2.2178,2.195
2.1997,2.2116,2.2158,2.196
2.2156,2.1997,2.224,2.1845
2.2103,2.2156,2.22,2.2
2.2029,2.2103,2.2147,2.1971
2.2128,2.2029,2.2171,2.1875
2.2051,2.2128,2.2132,2.1991
2.2108,2.2051,2.2168,2.1895
2.219,2.2108,2.2196,2.1965
2.2211,2.219,2.2206,2.2039
2.2328,2.2211,2.2403,2.2057
2.2276,2.2328,2.2441,2.2194
2.2236,2.2276,2.2323,2.2146
2.2368,2.2236,2.2422,2.2082
2.2738,2.2368,2.2711,2.223
2.2766,2.2738,2.2742,2.2539
2.2754,2.2766,2.287,2.2613
2.2563,2.2754,2.2835,2.2587
2.2428,2.2563,2.2586,2.2363
2.2262,2.2428,2.2465,2.2218
2.2191,2.2262,2.2465,2.2107
2.2304,2.2191,2.2331,2.2038
2.227,2.2304,2.2309,2.2139
2.2196,2.227,2.2379,2.2101
2.2298,2.2196,2.2307,2.2052
2.2588,2.2298,2.2554,2.216
2.2197,2.2588,2.2591,2.2437
2.2195,2.2197,2.2203,2.204
2.2268,2.2195,2.2393,2.2043
2.213,2.2268,2.234,2.2112
2.2216,2.213,2.2218,2.1997
2.2048,2.2216,2.2221,2.1964
2.1939,2.2048,2.2103,2.1894
2.1918,2.1939,2.206,2.1784
2.2117,2.1918,2.2037,2.1724
2.1981,2.2117,2.2171,2.1957
2.2223,2.1981,2.2171,2.1848
2.2068,2.2223,2.2405,2.207
2.2098,2.2068,2.2135,2.192
2.2225,2.2098,2.2196,2.1906
2.2094,2.2225,2.225,2.2057
2.2074,2.2094,2.212,2.1945
2.2186,2.2074,2.2235,2.1935
2.2175,2.2186,2.2239,2.2033
2.2073,2.2175,2.2205,2.202
2.2158,2.2073,2.2231,2.1905
2.2207,2.2158,2.2215,2.1977
2.2554,2.2207,2.2449,2.2009
2.2223,2.2554,2.2559,2.2265
2.2182,2.2223,2.228,2.2072
2.2083,2.2182,2.2215,2.2025
2.2159,2.2083,2.2195,2.1946
2.2153,2.2159,2.2197,2.2007
2.2221,2.2153,2.2293,2.1998
2.2193,2.2221,2.2317,2.2121
2.227,2.2193,2.2278,2.2038
2.2437,2.227,2.2533,2.2081
2.2603,2.2437,2.2713,2.2283
2.2523,2.2603,2.2804,2.2417
2.254,2.2523,2.26,2.2359
2.2763,2.254,2.2766,2.2544
2.2707,2.2763,2.2927,2.262
2.2941,2.2707,2.2867,2.2551
2.279,2.2941,2.3041,2.2767
2.2724,2.279,2.2848,2.2624
2.2749,2.2724,2.2815,2.2564
2.2785,2.2749,2.2833,2.2573
2.2639,2.2785,2.281,2.2618
2.2456,2.2639,2.2729,2.248
2.2552,2.2456,2.2615,2.2413
2.2435,2.2552,2.2617,2.2394
2.2573,2.2435,2.2546,2.2275
2.2668,2.2573,2.26,2.2432
2.2729,2.2668,2.2794,2.2509
2.2829,2.2729,2.2812,2.2583
2.2586,2.2829,2.285,2.2668
2.2436,2.2586,2.2614,2.2426
2.2372,2.2436,2.2536,2.2391
2.2316,2.2372,2.2418,2.2215
2.2431,2.2316,2.2371,2.2168
2.2398,2.2431,2.2531,2.2278
2.234,2.2398,2.2403,2.2238
2.2393,2.234,2.2418,2.222
2.2378,2.2393,2.2466,2.2233
2.265,2.2378,2.2536,2.2244
2.2832,2.265,2.2864,2.2491
2.2852,2.2832,2.2969,2.2679
2.2949,2.2852,2.2965,2.2682
2.2719,2.2949,2.3401,2.2786
2.3395,2.2719,2.3473,2.3204
2.3337,2.3395,2.343,2.3203
2.3553,2.3337,2.3478,2.318
2.3632,2.3553,2.3736,2.3381
2.365,2.3632,2.3741,2.346
2.3957,2.365,2.3896,2.3481
2.4097,2.3957,2.4093,2.3783
2.3794,2.4097,2.4146,2.3933
2.4252,2.3794,2.4217,2.3635
2.4198,2.4252,2.4401,2.4094
2.4435,2.4198,2.4736,2.4001
2.4359,2.4435,2.4577,2.4298
2.4817,2.4359,2.4755,2.4206
2.4921,2.4817,2.4941,2.465
2.4549,2.4921,2.503,2.476
2.4253,2.4549,2.4964,2.3742
2.3932,2.4253,2.4263,2.3851
2.374,2.3932,2.4265,2.3724
2.3949,2.374,2.394,2.3566
2.386,2.3949,2.4206,2.3786
2.3905,2.386,2.4267,2.3775
2.3961,2.3905,2.4025,2.3874
2.4524,2.3961,2.4433,2.3785
2.4659,2.4524,2.4989,2.4342
2.4307,2.4659,2.4672,2.4268
2.4622,2.4307,2.4609,2.4197
2.478,2.4622,2.4967,2.4602
2.4843,2.478,2.4875,2.4578
2.4957,2.4843,2.505,2.4701
2.4689,2.4957,2.4967,2.45
2.5196,2.4689,2.5521,2.4668
2.4582,2.5196,2.5197,2.4714
2.4578,2.4582,2.4664,2.4197
2.4016,2.4578,2.4585,2.389
2.4135,2.4016,2.4519,2.3938
2.4923,2.4135,2.5011,2.4236
2.4939,2.4923,2.5277,2.4904
2.5013,2.4939,2.5252,2.4936
2.5666,2.5013,2.5468,2.4986
2.5489,2.5666,2.5851,2.546
2.5494,2.5489,2.5562,2.5295
2.5544,2.5494,2.5675,2.5351
2.5631,2.5544,2.5606,2.5324
2.5859,2.5631,2.5764,2.5437
2.5968,2.5859,2.625,2.584
2.6047,2.5968,2.6149,2.578
2.5791,2.6047,2.6056,2.5828
2.5689,2.5791,2.5963,2.5677
2.5697,2.5689,2.5718,2.5519
2.512,2.5697,2.5709,2.5159
2.5425,2.512,2.5405,2.4996
2.5271,2.5425,2.5455,2.5148
2.4979,2.5271,2.5281,2.4941
2.5272,2.4979,2.5133,2.4907
2.5315,2.5272,2.5788,2.5243
2.557,2.5315,2.5752,2.5413
2.5649,2.557,2.5775,2.5435
2.5491,2.5649,2.5827,2.5467
2.5883,2.5491,2.5895,2.5427
2.5861,2.5883,2.6035,2.5668
2.5966,2.5861,2.5969,2.5737
2.5895,2.5966,2.6085,2.5783
2.6131,2.5895,2.6031,2.5749
2.6467,2.6131,2.6487,2.597
2.6496,2.6467,2.6656,2.6302
2.6921,2.6496,2.6882,2.6296
2.7352,2.6921,2.7548,2.6809
2.712,2.7352,2.7444,2.6877
2.6593,2.712,2.7129,2.653
2.6565,2.6593,2.6626,2.6313
2.6624,2.6565,2.6595,2.634
2.6912,2.6624,2.7062,2.6405
2.6912,2.6912,2.695,2.675
2.6952,2.6912,2.6952,2.675
2.6927,2.6952,2.6867,2.6867
2.6993,2.6927,2.6948,2.6522
2.6541,2.6993,2.7011,2.6445
2.6542,2.6541,2.6545,2.6374
2.6532,2.6542,2.6525,2.6525
2.6912,2.6532,2.7041,2.6525
2.7031,2.6912,2.7149,2.6779
2.6966,2.7031,2.7187,2.6888
2.6808,2.6966,2.6976,2.66
2.6597,2.6808,2.6986,2.6587
2.6264,2.6597,2.6706,2.6258
2.6702,2.6264,2.6695,2.621
2.6396,2.6702,2.679,2.629
2.6121,2.6396,2.6491,2.6
2.6387,2.6121,2.6282,2.593
2.6169,2.6387,2.6415,2.6122
2.6481,2.6169,2.6284,2.5989
2.611,2.6481,2.6491,2.6131
2.5971,2.611,2.6117,2.5826
2.5707,2.5971,2.5985,2.5454
2.5778,2.5707,2.5926,2.5666
2.5799,2.5778,2.6036,2.5748
2.5693,2.5799,2.5944,2.562
2.5731,2.5693,2.5871,2.5476
2.6002,2.5731,2.6007,2.5715
2.6788,2.6002,2.6854,2.5995
2.7236,2.6788,2.7089,2.6514
2.6911,2.7236,2.7255,2.6897
2.7383,2.6911,2.7323,2.69
2.7416,2.7383,2.7566,2.7068
2.7796,2.7416,2.7791,2.7412
2.7663,2.7796,2.7918,2.7574
2.8311,2.7663,2.8348,2.754
2.8655,2.8311,2.8699,2.83
2.817,2.8655,2.8742,2.8368
2.8309,2.817,2.8523,2.8125
2.826,2.8309,2.8313,2.8127
2.8257,2.826,2.8265,2.811
2.834,2.8257,2.8448,2.8068
2.8633,2.834,2.8638,2.8192
2.8641,2.8633,2.8808,2.8495
2.8747,2.8641,2.8976,2.8597
2.857,2.8747,2.8822,2.8534
2.8688,2.857,2.8794,2.8281
2.905,2.8688,2.887,2.838
2.8368,2.905,2.9153,2.8536
2.8927,2.8368,2.8813,2.834
2.9279,2.8927,2.9135,2.8926
2.9714,2.9279,2.9965,2.9268
3.0001,2.9714,2.9966,2.9733
3.057,3.0001,3.0668,2.9711
3.1227,3.057,3.1028,3.056
3.1016,3.1227,3.166,3.0945
3.1269,3.1016,3.136,3.079
3.1631,3.1269,3.1303,3.073
3.245,3.1631,3.272,3.1608
3.2428,3.245,3.2476,3.2092
3.2462,3.2428,3.2783,3.2165
3.2181,3.2462,3.2744,3.2138
3.2904,3.2181,3.297,3.2177
3.2246,3.2904,3.3103,3.206
3.1283,3.2246,3.2311,3.1576
3.1362,3.1283,3.1674,3.0906
3.1973,3.1362,3.1671,3.1117
3.1795,3.1973,3.2159,3.1695
3.2412,3.1795,3.2433,3.1783
3.226,3.2412,3.285,3.2241
3.1885,3.226,3.2632,3.1661
3.1643,3.1885,3.1908,3.1343
3.1222,3.1643,3.1784,3.1328
3.1216,3.1222,3.1216,3.12
3.1216,3.1216,3.1007,3.0865
3.1251,3.1216,3.1431,3.1029
3.0461,3.1251,3.1265,3.0619
3.0553,3.0461,3.0606,3.0193
3.0718,3.0553,3.0894,3.0341
3.1192,3.0718,3.1136,3.0523
3.0646,3.1192,3.1218,3.0683
3.0259,3.0646,3.0884,3.0465
3.0186,3.0259,3.037,3.0021
3.0367,3.0186,3.0655,3.0012
3.0294,3.0367,3.0529,3.0156
3.026,3.0294,3.036,3.0106
3.0052,3.026,3.0322,2.9934
2.9685,3.0052,3.0271,2.971
2.9483,2.9685,2.9848,2.9534
2.9131,2.9483,2.9556,2.8976
2.9348,2.9131,2.9184,2.8799
2.9527,2.9348,2.9533,2.9115
3.0111,2.9527,3.0142,2.9382
3.0111,3.0111,3.0805,3.0111
3.083,3.0111,3.0774,2.9905
3.0531,3.083,3.0865,3.0392
3.0287,3.0531,3.069,3.0194
3.0213,3.0287,3.0579,3.0074
2.9712,3.0213,3.0374,2.975
3.0564,2.9712,3.0405,2.9523
3.0175,3.0564,3.0729,3.0148
3.0365,3.0175,3.0229,2.9811
2.9899,3.0365,3.0372,2.9914
2.9914,2.9899,3.011,2.9683
3.0058,2.9914,3.0217,2.9856
3.0316,3.0058,3.0381,2.9864
3.0017,3.0316,3.041,3.0195
3.0367,3.0017,3.041,2.9887
3.089,3.0367,3.0697,3.0178
3.0932,3.089,3.1288,3.0749
3.148,3.0932,3.1494,3.0783
3.1379,3.148,3.18,3.1462
3.1584,3.1379,3.1785,3.1222
3.1758,3.1584,3.1901,3.1356
3.1695,3.1758,3.2079,3.1567
3.1286,3.1695,3.1734,3.1291
3.1332,3.1286,3.1419,3.0983
3.1402,3.1332,3.1423,3.1303
3.1396,3.1402,3.1817,3.1016
3.1099,3.1396,3.1465,3.1064
3.0955,3.1099,3.1161,3.0827
3.114,3.0955,3.1,3.0615
3.0871,3.114,3.166,3.0977
3.1168,3.0871,3.1241,3.0854
3.1235,3.1168,3.1334,3.0924
3.0869,3.1235,3.1352,3.0945
3.0504,3.0869,3.1008,3.0654
3.0578,3.0504,3.058,3.0286
3.0932,3.0578,3.0884,3.0393
3.0844,3.0932,3.0991,3.0651
3.0738,3.0844,3.1119,3.0701
3.0949,3.0738,3.092,3.0566
3.1244,3.0949,3.1222,3.0732
3.1257,3.1244,3.1358,3.1054
3.115,3.1257,3.1679,3.122
3.108,3.115,3.14,3.0838
3.1455,3.108,3.1249,3.0943
3.094,3.1455,3.1551,3.1006
3.1292,3.094,3.1337,3.0856
3.1351,3.1292,3.1585,3.1272
3.1787,3.1351,3.1932,3.1261
3.2317,3.1787,3.2379,3.1785
3.2211,3.2317,3.2338,3.2101
3.1556,3.2211,3.2228,3.1741
3.1312,3.1556,3.1726,3.1449
3.1365,3.1312,3.1403,3.1106
3.1356,3.1365,3.1593,3.1178
3.1506,3.1356,3.1478,3.126
3.1852,3.1506,3.1974,3.1329
3.1945,3.1852,3.2207,3.1703
3.1719,3.1945,3.1969,3.1669
3.2198,3.1719,3.2235,3.151
3.2842,3.2198,3.2942,3.1985
3.356,3.2842,3.3345,3.2666
3.3617,3.356,3.3757,3.3432
3.3545,3.3617,3.4002,3.3403
3.3239,3.3545,3.3711,3.3266
3.3708,3.3239,3.3728,3.3079
3.4194,3.3708,3.4104,3.3315
3.4488,3.4194,3.4568,3.4008
3.4663,3.4488,3.4786,3.427
3.4838,3.4663,3.4947,3.4483
3.5316,3.4838,3.5629,3.4772
3.5316,3.5316,3.563,3.49
3.4357,3.5316,3.5225,3.461
3.471,3.4357,3.5109,3.4186
3.4751,3.471,3.5007,3.4458
3.5193,3.4751,3.5232,3.4506
3.4779,3.5193,3.521,3.4585
3.4766,3.4779,3.5019,3.4587
3.4649,3.4766,3.4993,3.4588
3.4883,3.4649,3.5043,3.455
3.4578,3.4883,3.5148,3.4566
3.498,3.4578,3.4982,3.4414
3.5481,3.498,3.5756,3.4848
3.6115,3.5481,3.5537,3.5104
3.5941,3.6115,3.6498,3.5828
3.5502,3.5941,3.5941,3.5415
3.5787,3.5502,3.5955,3.5377
3.6192,3.5787,3.677,3.5595
3.6925,3.6192,3.6737,3.6166
3.7539,3.6925,3.7503,3.6803
3.735,3.7539,3.8111,3.7367
3.8397,3.735,3.8099,3.718
3.835,3.8397,3.8408,3.8169
3.8159,3.835,3.8361,3.7783
3.7787,3.8159,3.8185,3.7628
3.8481,3.7787,3.9041,3.7737
3.8682,3.8481,3.889,3.8169
3.8107,3.8682,3.8863,3.8363
3.8597,3.8107,3.8681,3.7855
3.8286,3.8597,3.861,3.8188
3.8914,3.8286,3.9028,3.8068
3.939,3.8914,3.9196,3.8631
4.0477,3.939,3.993,3.9174
4.1751,4.0477,4.1383,4.0115
3.933,4.1751,4.2411,4.1441
3.9676,3.933,4.0019,3.8823
4.1037,3.9676,4.0368,3.9708
4.0544,4.1037,4.1443,4.0714
3.9457,4.0544,4.06,3.9503
3.9988,3.9457,3.9931,3.9348
3.9275,3.9988,4.0373,3.9572
3.9099,3.9275,3.9449,3.8837
3.849,3.9099,3.9377,3.8271
3.8803,3.849,3.8529,3.7869
3.7819,3.8803,3.9037,3.8174
3.7591,3.7819,3.7832,3.7201
3.7605,3.7591,3.7635,3.738
3.8888,3.7605,3.8463,3.7359
3.8071,3.8888,3.8901,3.8322
3.7925,3.8071,3.8691,3.7781
3.9207,3.7925,3.8561,3.7902
3.8878,3.9207,3.9272,3.8606
3.9023,3.8878,3.8883,3.8436
3.9367,3.9023,3.9603,3.873
3.9023,3.9367,3.9583,3.9023
3.8756,3.9023,3.9245,3.8616
3.9039,3.8756,3.8938,3.8246
3.8834,3.9039,3.9272,3.8842
3.8972,3.8834,3.9047,3.8582
3.8447,3.8972,3.9525,3.8925
3.8514,3.8447,3.884,3.825
3.8702,3.8514,3.8537,3.8331
3.7671,3.8702,3.8706,3.7757
3.7956,3.7671,3.8103,3.7444
3.7801,3.7956,3.8127,3.7643
3.7663,3.7801,3.8368,3.7587
3.7991,3.7663,3.8002,3.7615
3.7454,3.7991,3.8186,3.7706
3.7629,3.7454,3.7609,3.7033
3.7669,3.7629,3.8198,3.743
3.8406,3.7669,3.8225,3.7591
3.8256,3.8406,3.8622,3.8169
3.8083,3.8256,3.8261,3.7835
3.7671,3.8083,3.8091,3.7696
3.7612,3.7671,3.768,3.7159
3.6996,3.7612,3.7616,3.7017
3.7289,3.6996,3.734,3.6881
3.6962,3.7289,3.7404,3.6913
3.7394,3.6962,3.8013,3.6909
3.7384,3.7394,3.7635,3.7309
3.8414,3.7384,3.7657,3.7128
3.8666,3.8414,3.9105,3.7274
3.8506,3.8666,3.8989,3.8311
3.8323,3.8506,3.8607,3.8354
3.7559,3.8323,3.8322,3.7695
3.751,3.7559,3.7834,3.7205
3.7595,3.751,3.7716,3.7258
3.8145,3.7595,3.8155,3.7423
3.7427,3.8145,3.8163,3.717
3.8078,3.7427,3.7799,3.7362
3.8127,3.8078,3.884,3.8004
3.8844,3.8127,3.9188,3.8588
3.9059,3.8844,3.8895,3.8475
3.8929,3.9059,3.9598,3.8993
3.8763,3.8929,3.9124,3.8557
3.9784,3.8763,3.9327,3.8718
4.0114,3.9784,4.0353,3.9586
3.9852,4.0114,4.0129,3.9563
3.941,3.9852,3.9927,3.9523
3.913,3.941,3.9416,3.9329
3.9082,3.913,3.9128,3.9128
3.8551,3.9082,3.959,3.8751
3.8641,3.8551,3.8658,3.836
3.9567,3.8641,3.9992,3.8498
3.95,3.9567,3.96,3.9555
3.9491,3.95,3.95,3.95
4.0373,3.9491,4.0594,3.9557
4.0269,4.0373,4.0531,3.9957
4.0199,4.0269,4.0505,4.006
4.0415,4.0199,4.0687,4.0184
3.9932,4.0415,4.0434,4.0022
4.0504,3.9932,4.0469,3.9924
4.0252,4.0504,4.0519,4.0075
4.0141,4.0252,4.0262,3.9668
4.0059,4.0141,4.0368,3.9868
4.0043,4.0059,4.0554,4.0026
4.0523,4.0043,4.0483,4.0135
4.0584,4.0523,4.0557,3.9981
4.1014,4.0584,4.1094,4.057
4.1535,4.1014,4.1669,4.0974
4.0895,4.1535,4.1542,4.0996
4.0879,4.0895,4.0929,4.088
4.0669,4.0879,4.1175,4.0557
4.1049,4.0669,4.0689,4.027
4.067,4.1049,4.1188,4.0328
3.9971,4.067,4.091,4.0014
3.9597,3.9971,4.0169,3.9626
3.9853,3.9597,4.014,3.9524
3.8923,3.9853,3.9881,3.9362
3.8862,3.8923,3.8943,3.835
3.8985,3.8862,3.921,3.8638
3.8916,3.8985,3.9009,3.8759
3.8815,3.8916,3.897,3.8853
3.9263,3.8815,3.9372,3.8648
3.9875,3.9263,3.9764,3.92
3.9682,3.9875,3.9984,3.9671
3.995,3.9682,4.0084,3.9727
4.0625,3.995,4.06,3.9679
3.9809,4.0625,4.0675,3.9777
4.0246,3.9809,4.025,3.9698
4.0164,4.0246,4.061,4.0223
3.9428,4.0164,4.0335,3.9416
3.9535,3.9428,3.9747,3.9354
3.9544,3.9535,4.0039,3.9502
3.9519,3.9544,3.9555,3.9168
3.9647,3.9519,3.9838,3.928
4.0129,3.9647,3.9941,3.9489
3.922,4.0129,4.0141,3.9705
3.8893,3.922,3.9369,3.891
3.7961,3.8893,3.89,3.8322
3.7688,3.7961,3.7972,3.6505
3.7811,3.7688,3.7806,3.7338
3.7527,3.7811,3.7978,3.7563
3.6769,3.7527,3.7538,3.6817
3.614,3.6769,3.7049,3.6384
3.5717,3.614,3.6623,3.5868
3.655,3.5717,3.6357,3.5726
3.7623,3.655,3.7505,3.6546
3.7366,3.7623,3.847,3.7596
3.6206,3.7366,3.7399,3.6256
3.6211,3.6206,3.6662,3.6025
3.6126,3.6211,3.6439,3.5993
3.5778,3.6126,3.6471,3.5847
3.6801,3.5778,3.6719,3.5737
3.6772,3.6801,3.7158,3.6747
3.6835,3.6772,3.6827,3.6508
3.6772,3.6835,3.6539,3.634
3.6349,3.6772,3.6718,3.5991
3.5961,3.6349,3.6428,3.5958
3.5865,3.5961,3.627,3.5297
3.5486,3.5865,3.6171,3.5366
3.6172,3.5486,3.6026,3.5315
3.6737,3.6172,3.6695,3.6014
3.6364,3.6737,3.7049,3.6514
3.6826,3.6364,3.7047,3.6136
3.5862,3.6826,3.6824,3.6147
3.4885,3.5862,3.5877,3.5043
3.4825,3.4885,3.5572,3.4652
3.4935,3.4825,3.5559,3.4824
3.4725,3.4935,3.5202,3.4907
3.531,3.4725,3.54,3.4464
3.6099,3.531,3.6014,3.4754
3.5253,3.6099,3.6122,3.5362
3.5244,3.5253,3.563,3.5042
3.5244,3.5244,3.536,3.5031
3.5623,3.5244,3.5962,3.5224
3.5504,3.5623,3.5657,3.5344
3.5202,3.5504,3.5523,3.5208
3.5215,3.5202,3.5399,3.51
3.4797,3.5215,3.5236,3.4774
3.4328,3.4797,3.4921,3.4247
3.4965,3.4328,3.5038,3.4129
3.5549,3.4965,3.5771,3.4812
3.5454,3.5549,3.5682,3.5258
3.5331,3.5454,3.5462,3.5048
3.499,3.5331,3.5686,3.5131
3.513,3.499,3.6641,3.4739
3.4704,3.513,3.5155,3.4658
3.447,3.4704,3.476,3.4431
3.4771,3.447,3.5004,3.4225
3.5302,3.4771,3.5166,3.4609
3.4945,3.5302,3.5294,3.4922
3.4861,3.4945,3.5215,3.4768
3.5585,3.4861,3.5485,3.4793
3.5609,3.5585,3.6128,3.5317
3.5573,3.5609,3.5612,3.533
3.5665,3.5573,3.573,3.51
3.5673,3.5665,3.5684,3.5396
3.5769,3.5673,3.6178,3.5461
3.5827,3.5769,3.595,3.5609
3.6089,3.5827,3.6242,3.5552
3.5674,3.6089,3.6123,3.5816
3.5832,3.5674,3.6091,3.5513
3.591,3.5832,3.6314,3.5724
3.5801,3.591,3.6056,3.5641
3.5245,3.5801,3.59,3.5258
3.4845,3.5245,3.5298,3.4999
3.4349,3.4845,3.5095,3.4497
3.3575,3.4349,3.4387,3.3706
3.3959,3.3575,3.3937,3.3357
3.4158,3.3959,3.4395,3.3901
3.4773,3.4158,3.4623,3.393
3.4751,3.4773,3.5103,3.4502
3.4693,3.4751,3.4913,3.4554
3.4612,3.4693,3.5046,3.468
3.4128,3.4612,3.4745,3.4189
3.3917,3.4128,3.4142,3.3704
3.4121,3.3917,3.4039,3.3525
3.3743,3.4121,3.4126,3.3754
3.337,3.3743,3.3756,3.3377
3.3677,3.337,3.4432,3.3153
3.3893,3.3677,3.4071,3.3629
3.3025,3.3893,3.3926,3.3062
3.2376,3.3025,3.303,3.2252
3.2059,3.2376,3.2447,3.1908
3.2306,3.2059,3.244,3.1914
3.2885,3.2306,3.2519,3.2106
3.2991,3.2885,3.2953,3.2548
3.327,3.2991,3.3346,3.2825
3.3611,3.327,3.3481,3.3192
3.2977,3.3611,3.3631,3.2804
3.3072,3.2977,3.3148,3.2741
3.2935,3.3072,3.3089,3.2606
3.2616,3.2935,3.304,3.2749
3.2484,3.2616,3.2649,3.212
3.2766,3.2484,3.2745,3.2295
3.2494,3.2766,3.2809,3.2441
3.2479,3.2494,3.2804,3.2313
3.2527,3.2479,3.2583,3.2298
3.2686,3.2527,3.2659,3.2381
3.2515,3.2686,3.2896,3.2485
3.2821,3.2515,3.286,3.2365
3.27,3.2821,3.2886,3.268
3.2586,3.27,3.2867,3.2553
3.2819,3.2586,3.2768,3.2378
3.2462,3.2819,3.2886,3.2266
3.2584,3.2462,3.2663,3.2385
3.2528,3.2584,3.2679,3.2344
3.2346,3.2528,3.2882,3.2515
3.1869,3.2346,3.2381,3.195
3.1607,3.1869,3.204,3.1579
3.1686,3.1607,3.1858,3.1398
3.1429,3.1686,3.1698,3.1238
3.1247,3.1429,3.1453,3.1103
3.139,3.1247,3.15,3.1012
3.1905,3.139,3.1665,3.1187
3.1848,3.1905,3.1917,3.1568
3.2012,3.1848,3.1899,3.1551
3.2048,3.2012,3.2314,3.193
3.2379,3.2048,3.2299,3.1812
3.2045,3.2379,3.2441,3.2171
3.1987,3.2045,3.2236,3.201
3.2355,3.1987,3.2157,3.1844
